IMDb nconst,nconst,name,birthYear,deathYear,category,first_roles,second_roles,third_roles,fourth_roles,total_roles,age
nm0000142,nm0000142,Clint Eastwood,1930,\N,M,59.0,203.0,2.0,2.0,266.0,93.0
nm0000323,nm0000323,Michael Caine,1933,\N,M,70.0,24.0,15.0,9.0,118.0,90.0
nm0001132,nm0001132,Judi Dench,1934,\N,F,154.0,42.0,14.0,10.0,220.0,89.0
nm0001749,nm0001749,Maggie Smith,1934,\N,F,18.0,14.0,14.0,4.0,50.0,89.0
nm0002663,nm0002663,Diane Ladd,1935,\N,F,11.0,19.0,43.0,20.0,93.0,88.0
nm0000267,nm0000267,Julie Andrews,1935,\N,F,43.0,8.0,3.0,2.0,56.0,88.0
nm0000095,nm0000095,Woody Allen,1935,\N,M,39.0,4.0,1.0,1.0,45.0,88.0
nm0000164,nm0000164,Anthony Hopkins,1937,\N,M,63.0,36.0,13.0,7.0,119.0,86.0
nm0000151,nm0000151,Morgan Freeman,1937,\N,M,58.0,35.0,291.0,144.0,528.0,86.0
nm0000197,nm0000197,Jack Nicholson,1937,\N,M,34.0,10.0,8.0,4.0,56.0,86.0
nm0000631,nm0000631,Ridley Scott,1937,\N,M,0.0,1.0,0.0,0.0,1.0,86.0
nm0000404,nm0000404,Jane Fonda,1937,\N,F,126.0,27.0,10.0,8.0,171.0,86.0
nm0000502,nm0000502,Christopher Lloyd,1938,\N,M,64.0,44.0,55.0,69.0,232.0,85.0
nm0001684,nm0001684,Katharine Ross,1940,\N,F,12.0,14.0,56.0,7.0,89.0,83.0
nm0000199,nm0000199,Al Pacino,1940,\N,M,44.0,14.0,5.0,0.0,63.0,83.0
nm0000268,nm0000268,Ann-Margret,1941,\N,F,31.0,24.0,6.0,6.0,67.0,82.0
nm0103195,nm0103195,David Bradley,1942,\N,M,13.0,67.0,9.0,10.0,99.0,81.0
nm0000217,nm0000217,Martin Scorsese,1942,\N,M,2.0,0.0,1.0,4.0,7.0,81.0
nm0000148,nm0000148,Harrison Ford,1942,\N,M,38.0,24.0,7.0,3.0,72.0,81.0
nm0574534,nm0574534,Ian McShane,1942,\N,M,116.0,66.0,24.0,16.0,222.0,81.0
nm0000134,nm0000134,Robert De Niro,1943,\N,M,69.0,30.0,14.0,3.0,116.0,80.0
nm0000582,nm0000582,Joe Pesci,1943,\N,M,14.0,7.0,18.0,1.0,40.0,80.0
nm0000331,nm0000331,Chevy Chase,1943,\N,M,34.0,8.0,12.0,8.0,62.0,80.0
nm0000385,nm0000385,Sam Elliott,1944,\N,M,47.0,23.0,28.0,40.0,138.0,79.0
nm0000568,nm0000568,Frank Oz,1944,\N,M,17.0,153.0,28.0,21.0,219.0,79.0
nm0236519,nm0236519,Brian Doyle-Murray,1945,\N,M,29.0,78.0,66.0,31.0,204.0,78.0
nm0001475,nm0001475,John Lithgow,1945,\N,M,184.0,20.0,16.0,16.0,236.0,78.0
nm0000443,nm0000443,Goldie Hawn,1945,\N,F,15.0,12.0,6.0,1.0,34.0,78.0
nm0000230,nm0000230,Sylvester Stallone,1946,\N,M,69.0,12.0,1.0,3.0,85.0,77.0
nm0000347,nm0000347,Tim Curry,1946,\N,M,69.0,45.0,178.0,71.0,363.0,77.0
nm0000473,nm0000473,Diane Keaton,1946,\N,F,35.0,32.0,7.0,6.0,80.0,77.0
nm0000229,nm0000229,Steven Spielberg,1946,\N,M,4.0,0.0,0.0,0.0,4.0,77.0
nm0000216,nm0000216,Arnold Schwarzenegger,1947,\N,M,50.0,32.0,5.0,3.0,90.0,76.0
nm0001613,nm0001613,Bernadette Peters,1948,\N,F,8.0,38.0,23.0,20.0,89.0,75.0
nm0271763,nm0271763,Edwige Fenech,1948,\N,F,40.0,22.0,7.0,2.0,71.0,75.0
nm0000168,nm0000168,Samuel L. Jackson,1948,\N,M,66.0,43.0,21.0,10.0,140.0,75.0
nm0000889,nm0000889,Bonnie Bedelia,1948,\N,F,102.0,24.0,13.0,6.0,145.0,75.0
nm0631490,nm0631490,Bill Nighy,1949,\N,M,29.0,29.0,24.0,33.0,115.0,74.0
nm0000658,nm0000658,Meryl Streep,1949,\N,F,56.0,31.0,9.0,3.0,99.0,74.0
nm0000651,nm0000651,Sissy Spacek,1949,\N,F,31.0,13.0,8.0,6.0,58.0,74.0
nm0001448,nm0001448,Jessica Lange,1949,\N,F,24.0,18.0,7.0,4.0,53.0,74.0
nm0000313,nm0000313,Jeff Bridges,1949,\N,M,57.0,15.0,9.0,10.0,91.0,74.0
nm0001642,nm0001642,Randy Quaid,1950,\N,M,46.0,27.0,17.0,17.0,107.0,73.0
nm0423774,nm0423774,David Johansen,1950,\N,M,3.0,1.0,2.0,3.0,9.0,73.0
nm0000195,nm0000195,Bill Murray,1950,\N,M,27.0,6.0,16.0,21.0,70.0,73.0
nm0000261,nm0000261,Karen Allen,1951,\N,F,17.0,18.0,8.0,5.0,48.0,72.0
nm0001745,nm0001745,Stellan Skarsgård,1951,\N,M,41.0,20.0,25.0,13.0,99.0,72.0
nm0000621,nm0000621,Kurt Russell,1951,\N,M,52.0,44.0,8.0,9.0,113.0,72.0
nm0000350,nm0000350,Beverly D'Angelo,1951,\N,F,15.0,27.0,17.0,14.0,73.0,72.0
nm0000422,nm0000422,John Goodman,1952,\N,M,191.0,273.0,26.0,27.0,517.0,71.0
nm0000553,nm0000553,Liam Neeson,1952,\N,M,73.0,26.0,16.0,11.0,126.0,71.0
nm0004724,nm0004724,Christine Baranski,1952,\N,F,73.0,106.0,7.0,7.0,193.0,71.0
nm0142145,nm0142145,Angela Cartwright,1952,\N,F,2.0,1.0,3.0,213.0,219.0,71.0
nm0001406,nm0001406,Carol Kane,1952,\N,F,5.0,32.0,64.0,26.0,127.0,71.0
nm0000741,nm0000741,Tim Allen,1953,\N,M,407.0,14.0,3.0,0.0,424.0,70.0
nm0005460,nm0005460,Mary Steenburgen,1953,\N,F,12.0,65.0,22.0,17.0,116.0,70.0
nm0000112,nm0000112,Pierce Brosnan,1953,\N,M,93.0,113.0,5.0,2.0,213.0,70.0
nm0000597,nm0000597,Bill Pullman,1953,\N,M,50.0,19.0,12.0,9.0,90.0,70.0
nm0001354,nm0001354,Ciarán Hinds,1953,\N,M,19.0,23.0,21.0,15.0,78.0,70.0
nm0001573,nm0001573,Catherine O'Hara,1954,\N,F,23.0,123.0,12.0,20.0,178.0,69.0
nm0000329,nm0000329,Jackie Chan,1954,\N,M,80.0,5.0,4.0,5.0,94.0,69.0
nm0000165,nm0000165,Ron Howard,1954,\N,M,162.0,244.0,19.0,19.0,444.0,69.0
nm0000237,nm0000237,John Travolta,1954,\N,M,49.0,22.0,3.0,2.0,76.0,69.0
nm0000243,nm0000243,Denzel Washington,1954,\N,M,49.0,7.0,1.0,1.0,58.0,69.0
nm0234538,nm0234538,Karen Dotrice,1955,\N,F,0.0,0.0,1.0,4.0,5.0,68.0
nm0000126,nm0000126,Kevin Costner,1955,\N,M,102.0,7.0,3.0,3.0,115.0,68.0
nm0000100,nm0000100,Rowan Atkinson,1955,\N,M,201.0,10.0,6.0,4.0,221.0,68.0
nm0000700,nm0000700,Debra Winger,1955,\N,F,11.0,33.0,54.0,2.0,100.0,68.0
nm0740264,nm0740264,Michael Rooker,1955,\N,M,21.0,6.0,15.0,16.0,58.0,68.0
nm0000671,nm0000671,Billy Bob Thornton,1955,\N,M,70.0,16.0,13.0,5.0,104.0,68.0
nm0000246,nm0000246,Bruce Willis,1955,\N,M,56.0,102.0,8.0,7.0,173.0,68.0
nm0582418,nm0582418,Laurie Metcalf,1955,\N,F,23.0,152.0,232.0,6.0,413.0,68.0
nm0187724,nm0187724,Wendy Crewson,1956,\N,F,46.0,38.0,28.0,19.0,131.0,67.0
nm0910607,nm0910607,Christoph Waltz,1956,\N,M,43.0,34.0,27.0,14.0,118.0,67.0
nm0186505,nm0186505,Bryan Cranston,1956,\N,M,161.0,168.0,87.0,16.0,432.0,67.0
nm0000154,nm0000154,Mel Gibson,1956,\N,M,52.0,10.0,5.0,2.0,69.0,67.0
nm0000158,nm0000158,Tom Hanks,1956,\N,M,94.0,14.0,4.0,1.0,113.0,67.0
nm0001688,nm0001688,Alan Ruck,1956,\N,M,18.0,5.0,93.0,61.0,177.0,67.0
nm0827663,nm0827663,Daniel Stern,1957,\N,M,45.0,10.0,9.0,7.0,71.0,66.0
nm0000531,nm0000531,Frances McDormand,1957,\N,F,17.0,26.0,8.0,3.0,54.0,66.0
nm0000358,nm0000358,Daniel Day-Lewis,1957,\N,M,21.0,2.0,2.0,1.0,26.0,66.0
nm0439001,nm0439001,Kym Karath,1958,\N,F,0.0,1.0,1.0,0.0,2.0,65.0
nm0000130,nm0000130,Jamie Lee Curtis,1958,\N,F,57.0,21.0,6.0,5.0,89.0,65.0
nm0000510,nm0000510,Andie MacDowell,1958,\N,F,58.0,20.0,11.0,22.0,111.0,65.0
nm0000201,nm0000201,Michelle Pfeiffer,1958,\N,F,17.0,31.0,14.0,7.0,69.0,65.0
nm0000102,nm0000102,Kevin Bacon,1958,\N,M,125.0,15.0,7.0,9.0,156.0,65.0
nm0000318,nm0000318,Tim Burton,1958,\N,M,2.0,1.0,0.0,0.0,3.0,65.0
nm0001557,nm0001557,Viggo Mortensen,1958,\N,M,22.0,12.0,6.0,3.0,43.0,65.0
nm0000456,nm0000456,Holly Hunter,1958,\N,F,61.0,43.0,10.0,2.0,116.0,65.0
nm0000220,nm0000220,Joan Severance,1958,\N,F,6.0,12.0,11.0,3.0,32.0,65.0
nm0132257,nm0132257,Bruce Campbell,1958,\N,M,112.0,15.0,58.0,83.0,268.0,65.0
nm0000198,nm0000198,Gary Oldman,1958,\N,M,47.0,25.0,19.0,6.0,97.0,65.0
nm0134922,nm0134922,Peter Capaldi,1958,\N,M,110.0,30.0,16.0,11.0,167.0,65.0
nm0925966,nm0925966,Bradley Whitford,1959,\N,M,46.0,34.0,39.0,30.0,149.0,64.0
nm0000228,nm0000228,Kevin Spacey,1959,\N,M,110.0,18.0,14.0,5.0,147.0,64.0
nm0000668,nm0000668,Emma Thompson,1959,\N,F,20.0,24.0,10.0,3.0,57.0,64.0
nm0005049,nm0005049,Allison Janney,1959,\N,F,29.0,178.0,115.0,63.0,385.0,64.0
nm0000707,nm0000707,Sean Young,1959,\N,F,47.0,20.0,17.0,13.0,97.0,64.0
nm0780678,nm0780678,Nick Searcy,1959,\N,M,9.0,81.0,56.0,33.0,179.0,64.0
nm0000174,nm0000174,Val Kilmer,1959,\N,M,38.0,16.0,5.0,11.0,70.0,64.0
nm0000352,nm0000352,Vincent D'Onofrio,1959,\N,M,149.0,29.0,15.0,23.0,216.0,64.0
nm0001416,nm0001416,Catherine Keener,1959,\N,F,10.0,21.0,23.0,10.0,64.0,64.0
nm0397212,nm0397212,Clint Howard,1959,\N,M,9.0,17.0,13.0,11.0,50.0,64.0
nm0842770,nm0842770,Tilda Swinton,1960,\N,F,46.0,20.0,14.0,2.0,82.0,63.0
nm0000147,nm0000147,Colin Firth,1960,\N,M,47.0,24.0,8.0,6.0,85.0,63.0
nm0000194,nm0000194,Julianne Moore,1960,\N,F,36.0,25.0,15.0,6.0,82.0,63.0
nm0000652,nm0000652,James Spader,1960,\N,M,338.0,10.0,2.0,8.0,358.0,63.0
nm0000110,nm0000110,Kenneth Branagh,1960,\N,M,103.0,22.0,17.0,6.0,148.0,63.0
nm0427964,nm0427964,Doug Jones,1960,\N,M,33.0,86.0,19.0,19.0,157.0,63.0
nm0001610,nm0001610,Elizabeth Perkins,1960,\N,F,8.0,101.0,5.0,7.0,121.0,63.0
nm0000424,nm0000424,Hugh Grant,1960,\N,M,25.0,15.0,9.0,3.0,52.0,63.0
nm0000426,nm0000426,Jennifer Grey,1960,\N,F,7.0,27.0,3.0,3.0,40.0,63.0
nm0753314,nm0753314,Mark Rylance,1960,\N,M,15.0,18.0,21.0,34.0,88.0,63.0
nm0000435,nm0000435,Daryl Hannah,1960,\N,F,22.0,29.0,13.0,15.0,79.0,63.0
nm0000241,nm0000241,Jean-Claude Van Damme,1960,\N,M,51.0,6.0,2.0,4.0,63.0,63.0
nm0000150,nm0000150,Michael J. Fox,1961,\N,M,149.0,3.0,125.0,2.0,279.0,62.0
nm0000212,nm0000212,Meg Ryan,1961,\N,F,17.0,21.0,6.0,1.0,45.0,62.0
nm0001372,nm0001372,Bonnie Hunt,1961,\N,F,62.0,35.0,16.0,13.0,126.0,62.0
nm0000562,nm0000562,Jeremy Northam,1961,\N,M,18.0,11.0,6.0,7.0,42.0,62.0
nm0000552,nm0000552,Eddie Murphy,1961,\N,M,61.0,17.0,5.0,1.0,84.0,62.0
nm0000670,nm0000670,Lea Thompson,1961,\N,F,125.0,13.0,11.0,7.0,156.0,62.0
nm0000123,nm0000123,George Clooney,1961,\N,M,40.0,126.0,7.0,1.0,174.0,62.0
nm0001392,nm0001392,Peter Jackson,1961,\N,M,1.0,0.0,1.0,1.0,3.0,62.0
nm0000437,nm0000437,Woody Harrelson,1961,\N,M,48.0,28.0,15.0,12.0,103.0,62.0
nm0001518,nm0001518,Dylan McDermott,1961,\N,M,233.0,11.0,11.0,6.0,261.0,62.0
nm0000120,nm0000120,Jim Carrey,1962,\N,M,105.0,82.0,4.0,3.0,194.0,61.0
nm0000193,nm0000193,Demi Moore,1962,\N,F,18.0,16.0,10.0,5.0,49.0,61.0
nm0745186,nm0745186,Teryl Rothery,1962,\N,F,3.0,59.0,56.0,17.0,135.0,61.0
nm0001281,nm0001281,Bobcat Goldthwait,1962,\N,M,10.0,6.0,10.0,13.0,39.0,61.0
nm0136797,nm0136797,Steve Carell,1962,\N,M,201.0,9.0,24.0,14.0,248.0,61.0
nm0000144,nm0000144,Cary Elwes,1962,\N,M,18.0,22.0,31.0,15.0,86.0,61.0
nm0000149,nm0000149,Jodie Foster,1962,\N,F,30.0,27.0,3.0,16.0,76.0,61.0
nm0000146,nm0000146,Ralph Fiennes,1962,\N,M,29.0,18.0,10.0,7.0,64.0,61.0
nm0000492,nm0000492,Jennifer Jason Leigh,1962,\N,F,51.0,35.0,18.0,9.0,113.0,61.0
nm0000639,nm0000639,Ally Sheedy,1962,\N,F,23.0,12.0,7.0,7.0,49.0,61.0
nm0000129,nm0000129,Tom Cruise,1962,\N,M,40.0,5.0,2.0,1.0,48.0,61.0
nm0000121,nm0000121,Phoebe Cates,1963,\N,F,5.0,5.0,3.0,3.0,16.0,60.0
nm0000233,nm0000233,Quentin Tarantino,1963,\N,M,2.0,3.0,4.0,1.0,10.0,60.0
nm0001614,nm0001614,Lori Petty,1963,\N,F,13.0,10.0,13.0,6.0,42.0,60.0
nm0005042,nm0005042,Jason Isaacs,1963,\N,M,78.0,36.0,18.0,13.0,145.0,60.0
nm0000136,nm0000136,Johnny Depp,1963,\N,M,223.0,14.0,7.0,3.0,247.0,60.0
nm0000166,nm0000166,Helen Hunt,1963,\N,F,13.0,190.0,24.0,10.0,237.0,60.0
nm0000667,nm0000667,David Thewlis,1963,\N,M,20.0,26.0,22.0,31.0,99.0,60.0
nm0835016,nm0835016,Mark Strong,1963,\N,M,70.0,21.0,19.0,14.0,124.0,60.0
nm0000093,nm0000093,Brad Pitt,1963,\N,M,41.0,21.0,7.0,6.0,75.0,60.0
nm0000223,nm0000223,Elisabeth Shue,1963,\N,F,7.0,101.0,28.0,4.0,140.0,60.0
nm0000551,nm0000551,Dermot Mulroney,1963,\N,M,65.0,19.0,32.0,16.0,132.0,60.0
nm0115152,nm0115152,Chris Browning,1964,\N,M,10.0,20.0,11.0,10.0,51.0,59.0
nm0001073,nm0001073,Courteney Cox,1964,\N,F,145.0,249.0,8.0,18.0,420.0,59.0
nm0002090,nm0002090,Zach Galligan,1964,\N,M,25.0,1.0,10.0,5.0,41.0,59.0
nm0000115,nm0000115,Nicolas Cage,1964,\N,M,85.0,14.0,6.0,0.0,105.0,59.0
nm0000128,nm0000128,Russell Crowe,1964,\N,M,50.0,16.0,4.0,4.0,74.0,59.0
nm0000206,nm0000206,Keanu Reeves,1964,\N,M,50.0,18.0,8.0,7.0,83.0,59.0
nm0000463,nm0000463,Famke Janssen,1964,\N,F,51.0,12.0,11.0,10.0,84.0,59.0
nm0000899,nm0000899,Monica Bellucci,1964,\N,F,26.0,22.0,8.0,11.0,67.0,59.0
nm0868219,nm0868219,Guillermo del Toro,1964,\N,M,2.0,2.0,0.0,2.0,6.0,59.0
nm0521753,nm0521753,Lori Loughlin,1964,\N,F,54.0,26.0,11.0,4.0,95.0,59.0
nm0785227,nm0785227,Andy Serkis,1964,\N,M,26.0,15.0,8.0,8.0,57.0,59.0
nm0000571,nm0000571,Mary-Louise Parker,1964,\N,F,110.0,15.0,15.0,9.0,149.0,59.0
nm0000113,nm0000113,Sandra Bullock,1964,\N,F,33.0,9.0,5.0,5.0,52.0,59.0
nm0000673,nm0000673,Marisa Tomei,1964,\N,F,12.0,37.0,17.0,8.0,74.0,59.0
nm0001473,nm0001473,Laura Linney,1964,\N,F,60.0,72.0,15.0,12.0,159.0,59.0
nm0000417,nm0000417,Crispin Glover,1964,\N,M,15.0,9.0,25.0,8.0,57.0,59.0
nm0000145,nm0000145,Sherilyn Fenn,1965,\N,F,35.0,13.0,11.0,12.0,71.0,58.0
nm0000178,nm0000178,Diane Lane,1965,\N,F,32.0,22.0,15.0,10.0,79.0,58.0
nm0001110,nm0001110,Embeth Davidtz,1965,\N,F,5.0,12.0,7.0,9.0,33.0,58.0
nm0586568,nm0586568,Mads Mikkelsen,1965,\N,M,33.0,56.0,5.0,3.0,97.0,58.0
nm0591703,nm0591703,Kristin Minter,1965,\N,F,3.0,13.0,5.0,8.0,29.0,58.0
nm0000375,nm0000375,Robert Downey Jr.,1965,\N,M,38.0,31.0,15.0,2.0,86.0,58.0
nm0000566,nm0000566,Julia Ormond,1965,\N,F,39.0,18.0,4.0,15.0,76.0,58.0
nm0001567,nm0001567,Connie Nielsen,1965,\N,F,41.0,20.0,26.0,9.0,96.0,58.0
nm0001774,nm0001774,Ben Stiller,1965,\N,M,36.0,12.0,7.0,4.0,59.0,58.0
nm0000307,nm0000307,Helena Bonham Carter,1966,\N,F,47.0,25.0,24.0,8.0,104.0,57.0
nm0130191,nm0130191,Eva LaRue,1966,\N,F,8.0,11.0,12.0,6.0,37.0,57.0
nm0309693,nm0309693,Mark Gatiss,1966,\N,M,35.0,25.0,14.0,12.0,86.0,57.0
nm0000161,nm0000161,Salma Hayek,1966,\N,F,12.0,28.0,14.0,82.0,136.0,57.0
nm0604742,nm0604742,Jeffrey Dean Morgan,1966,\N,M,34.0,24.0,8.0,22.0,88.0,57.0
nm0269463,nm0269463,Jon Favreau,1966,\N,M,5.0,9.0,8.0,6.0,28.0,57.0
nm0001191,nm0001191,Adam Sandler,1966,\N,M,48.0,3.0,8.0,1.0,60.0,57.0
nm0385792,nm0385792,Marin Hinkle,1966,\N,F,1.0,5.0,5.0,122.0,133.0,57.0
nm0853140,nm0853140,Sandra Taylor,1966,\N,F,1.0,0.0,1.0,0.0,2.0,57.0
nm0000495,nm0000495,Téa Leoni,1966,\N,F,138.0,31.0,4.0,1.0,174.0,57.0
nm0000705,nm0000705,Robin Wright,1966,\N,F,26.0,73.0,10.0,7.0,116.0,57.0
nm0000214,nm0000214,Mia Sara,1967,\N,F,3.0,10.0,16.0,2.0,31.0,56.0
nm0002071,nm0002071,Will Ferrell,1967,\N,M,96.0,121.0,26.0,9.0,252.0,56.0
nm0005458,nm0005458,Jason Statham,1967,\N,M,31.0,10.0,5.0,7.0,53.0,56.0
nm0004874,nm0004874,Vin Diesel,1967,\N,M,46.0,4.0,2.0,3.0,55.0,56.0
nm0000227,nm0000227,Mira Sorvino,1967,\N,F,28.0,26.0,20.0,15.0,89.0,56.0
nm0001722,nm0001722,Rufus Sewell,1967,\N,M,33.0,38.0,10.0,8.0,89.0,56.0
nm0000210,nm0000210,Julia Roberts,1967,\N,F,47.0,13.0,11.0,4.0,75.0,56.0
nm0001125,nm0001125,Benicio Del Toro,1967,\N,M,19.0,12.0,4.0,6.0,41.0,56.0
nm0000368,nm0000368,Laura Dern,1967,\N,F,38.0,61.0,11.0,18.0,128.0,56.0
nm0001833,nm0001833,Emily Watson,1967,\N,F,25.0,14.0,19.0,3.0,61.0,56.0
nm0334179,nm0334179,Lauren Graham,1967,\N,F,183.0,123.0,21.0,17.0,344.0,56.0
nm0000956,nm0000956,Lisa Bonet,1967,\N,F,24.0,3.0,29.0,55.0,111.0,56.0
nm0000173,nm0000173,Nicole Kidman,1967,\N,F,62.0,59.0,10.0,4.0,135.0,56.0
nm0005377,nm0005377,Sam Rockwell,1968,\N,M,35.0,11.0,12.0,7.0,65.0,55.0
nm0648249,nm0648249,Timothy Olyphant,1968,\N,M,138.0,28.0,7.0,7.0,180.0,55.0
nm0413168,nm0413168,Hugh Jackman,1968,\N,M,23.0,28.0,5.0,10.0,66.0,55.0
nm0155693,nm0155693,Kristin Chenoweth,1968,\N,F,22.0,28.0,23.0,5.0,78.0,55.0
nm0005562,nm0005562,Owen Wilson,1968,\N,M,21.0,25.0,17.0,3.0,66.0,55.0
nm0000982,nm0000982,Josh Brolin,1968,\N,M,35.0,84.0,8.0,10.0,137.0,55.0
nm0005128,nm0005128,Lucy Lawless,1968,\N,F,175.0,3.0,8.0,8.0,194.0,55.0
nm0004826,nm0004826,Helena Christensen,1968,\N,F,0.0,2.0,0.0,1.0,3.0,55.0
nm0000409,nm0000409,Brendan Fraser,1968,\N,M,34.0,9.0,15.0,2.0,60.0,55.0
nm0185819,nm0185819,Daniel Craig,1968,\N,M,38.0,16.0,5.0,2.0,61.0,55.0
nm0000539,nm0000539,Dina Meyer,1968,\N,F,17.0,37.0,11.0,1.0,66.0,55.0
nm0000096,nm0000096,Gillian Anderson,1968,\N,F,76.0,236.0,17.0,22.0,351.0,55.0
nm0777432,nm0777432,Scott Schwartz,1968,\N,M,1.0,6.0,1.0,5.0,13.0,55.0
nm0836121,nm0836121,Michael Stuhlbarg,1968,\N,M,3.0,4.0,19.0,11.0,37.0,55.0
nm0318821,nm0318821,Aidan Gillen,1968,\N,M,69.0,16.0,30.0,36.0,151.0,55.0
nm0915208,nm0915208,Naomi Watts,1968,\N,F,55.0,12.0,11.0,7.0,85.0,55.0
nm0158632,nm0158632,Margaret Cho,1968,\N,F,37.0,96.0,19.0,8.0,160.0,55.0
nm0000226,nm0000226,Will Smith,1968,\N,M,181.0,7.0,4.0,0.0,192.0,55.0
nm0000208,nm0000208,Molly Ringwald,1968,\N,F,33.0,14.0,12.0,5.0,64.0,55.0
nm0124930,nm0124930,Gerard Butler,1969,\N,M,32.0,16.0,6.0,15.0,69.0,54.0
nm0085312,nm0085312,Jack Black,1969,\N,M,91.0,26.0,9.0,12.0,138.0,54.0
nm1176985,nm1176985,Dave Bautista,1969,\N,M,101.0,67.0,31.0,23.0,222.0,54.0
nm0000098,nm0000098,Jennifer Aniston,1969,\N,F,290.0,38.0,14.0,12.0,354.0,54.0
nm0623085,nm0623085,Andrea Navedo,1969,\N,F,5.0,100.0,3.0,3.0,111.0,54.0
nm0001523,nm0001523,Natascha McElhone,1969,\N,F,8.0,141.0,8.0,2.0,159.0,54.0
nm0578853,nm0578853,Ben Mendelsohn,1969,\N,M,20.0,48.0,14.0,21.0,103.0,54.0
nm0790688,nm0790688,Michael Sheen,1969,\N,M,79.0,23.0,14.0,7.0,123.0,54.0
nm0001876,nm0001876,Catherine Zeta-Jones,1969,\N,F,18.0,12.0,5.0,22.0,57.0,54.0
nm0001785,nm0001785,Kristy Swanson,1969,\N,F,21.0,22.0,31.0,4.0,78.0,54.0
nm0227759,nm0227759,Peter Dinklage,1969,\N,M,85.0,13.0,7.0,7.0,112.0,54.0
nm0000949,nm0000949,Cate Blanchett,1969,\N,F,53.0,34.0,9.0,8.0,104.0,54.0
nm0108295,nm0108295,Paget Brewster,1969,\N,F,51.0,215.0,62.0,11.0,339.0,54.0
nm0000867,nm0000867,Jason Bateman,1969,\N,M,188.0,100.0,13.0,10.0,311.0,54.0
nm0000849,nm0000849,Javier Bardem,1969,\N,M,25.0,11.0,8.0,4.0,48.0,54.0
nm0001570,nm0001570,Edward Norton,1969,\N,M,15.0,14.0,7.0,3.0,39.0,54.0
nm0000143,nm0000143,Erika Eleniak,1969,\N,F,21.0,12.0,27.0,6.0,66.0,54.0
nm1018488,nm1018488,Wendi McLendon-Covey,1969,\N,F,238.0,7.0,12.0,27.0,284.0,54.0
nm0000383,nm0000383,Jennifer Ehle,1969,\N,F,6.0,25.0,8.0,12.0,51.0,54.0
nm0000190,nm0000190,Matthew McConaughey,1969,\N,M,58.0,15.0,6.0,5.0,84.0,54.0
nm0000250,nm0000250,Renée Zellweger,1969,\N,F,24.0,13.0,7.0,1.0,45.0,54.0
nm0748620,nm0748620,Paul Rudd,1969,\N,M,39.0,29.0,11.0,9.0,88.0,54.0
nm0027572,nm0027572,Wes Anderson,1969,\N,M,0.0,1.0,0.0,0.0,1.0,54.0
nm0878768,nm0878768,Aisha Tyler,1970,\N,F,3.0,38.0,11.0,18.0,70.0,53.0
nm0000354,nm0000354,Matt Damon,1970,\N,M,53.0,22.0,6.0,3.0,84.0,53.0
nm0000749,nm0000749,Mädchen Amick,1970,\N,F,34.0,45.0,41.0,13.0,133.0,53.0
nm0005006,nm0005006,Elaine Hendrix,1970,\N,F,11.0,15.0,73.0,34.0,133.0,53.0
nm0634240,nm0634240,Christopher Nolan,1970,\N,M,0.0,2.0,0.0,0.0,2.0,53.0
nm0911933,nm0911933,Zack Ward,1970,\N,M,7.0,3.0,60.0,8.0,78.0,53.0
nm0378245,nm0378245,Taraji P. Henson,1970,\N,F,14.0,62.0,54.0,4.0,134.0,53.0
nm0001116,nm0001116,Warwick Davis,1970,\N,M,35.0,33.0,22.0,11.0,101.0,53.0
nm0000160,nm0000160,Ethan Hawke,1970,\N,M,48.0,18.0,13.0,5.0,84.0,53.0
nm0796117,nm0796117,M. Night Shyamalan,1970,\N,M,2.0,1.0,0.0,0.0,3.0,53.0
nm0001838,nm0001838,Rachel Weisz,1970,\N,F,23.0,18.0,9.0,4.0,54.0,53.0
nm0593310,nm0593310,Elizabeth Mitchell,1970,\N,F,44.0,27.0,18.0,11.0,100.0,53.0
nm0001287,nm0001287,Heather Graham,1970,\N,F,33.0,22.0,8.0,10.0,73.0,53.0
nm0000759,nm0000759,Paul Thomas Anderson,1970,\N,M,3.0,0.0,0.0,0.0,3.0,53.0
nm0565250,nm0565250,Melissa McCarthy,1970,\N,F,21.0,142.0,134.0,59.0,356.0,53.0
nm0001223,nm0001223,Lara Flynn Boyle,1970,\N,F,7.0,8.0,7.0,5.0,27.0,53.0
nm0134072,nm0134072,Bobby Cannavale,1970,\N,M,24.0,28.0,57.0,8.0,117.0,53.0
nm0182666,nm0182666,Nikolaj Coster-Waldau,1970,\N,M,32.0,50.0,23.0,2.0,107.0,53.0
nm0000124,nm0000124,Jennifer Connelly,1970,\N,F,35.0,17.0,9.0,5.0,66.0,53.0
nm0000681,nm0000681,Vince Vaughn,1970,\N,M,29.0,12.0,7.0,6.0,54.0,53.0
nm0001231,nm0001231,Claire Forlani,1971,\N,F,10.0,11.0,8.0,14.0,43.0,52.0
nm1679669,nm1679669,Rosemarie DeWitt,1971,\N,F,5.0,27.0,40.0,28.0,100.0,52.0
nm0355910,nm0355910,Michael C. Hall,1971,\N,M,142.0,81.0,8.0,6.0,237.0,52.0
nm0000775,nm0000775,Christina Applegate,1971,\N,F,154.0,14.0,7.0,187.0,362.0,52.0
nm0000213,nm0000213,Winona Ryder,1971,\N,F,62.0,13.0,9.0,3.0,87.0,52.0
nm0001467,nm0001467,Jared Leto,1971,\N,M,20.0,6.0,5.0,0.0,31.0,52.0
nm0857620,nm0857620,Justin Theroux,1971,\N,M,51.0,36.0,15.0,2.0,104.0,52.0
nm0035514,nm0035514,Richard Armitage,1971,\N,M,84.0,33.0,37.0,6.0,160.0,52.0
nm0082526,nm0082526,Peter Billingsley,1971,\N,M,8.0,5.0,4.0,3.0,20.0,52.0
nm0000276,nm0000276,Sean Astin,1971,\N,M,197.0,95.0,24.0,76.0,392.0,52.0
nm0358200,nm0358200,Victoria Hamilton,1971,\N,F,7.0,15.0,20.0,11.0,53.0,52.0
nm0538443,nm0538443,Heike Makatsch,1971,\N,F,29.0,10.0,8.0,4.0,51.0,52.0
nm0000612,nm0000612,Denise Richards,1971,\N,F,35.0,28.0,22.0,33.0,118.0,52.0
nm0079273,nm0079273,Paul Bettany,1971,\N,M,17.0,29.0,11.0,3.0,60.0,52.0
nm0001794,nm0001794,Henry Thomas,1971,\N,M,25.0,21.0,16.0,16.0,78.0,52.0
nm0097504,nm0097504,Alex Borstein,1971,\N,F,83.0,527.0,22.0,10.0,642.0,52.0
nm0765597,nm0765597,Peter Sarsgaard,1971,\N,M,24.0,20.0,16.0,7.0,67.0,52.0
nm0293509,nm0293509,Martin Freeman,1971,\N,M,85.0,44.0,8.0,32.0,169.0,52.0
nm0001303,nm0001303,Carla Gugino,1971,\N,F,55.0,55.0,13.0,13.0,136.0,52.0
nm0000242,nm0000242,Mark Wahlberg,1971,\N,M,35.0,17.0,3.0,2.0,57.0,52.0
nm0358316,nm0358316,Jon Hamm,1971,\N,M,122.0,60.0,15.0,8.0,205.0,52.0
nm0719637,nm0719637,Jeremy Renner,1971,\N,M,41.0,21.0,2.0,3.0,67.0,52.0
nm0000191,nm0000191,Ewan McGregor,1971,\N,M,70.0,25.0,15.0,6.0,116.0,52.0
nm0324658,nm0324658,Walton Goggins,1971,\N,M,37.0,28.0,72.0,34.0,171.0,52.0
nm0855039,nm0855039,David Tennant,1971,\N,M,231.0,50.0,20.0,15.0,316.0,52.0
nm0005381,nm0005381,Rebecca Romijn,1972,\N,F,54.0,19.0,4.0,18.0,95.0,51.0
nm0004950,nm0004950,Jennifer Garner,1972,\N,F,149.0,31.0,10.0,15.0,205.0,51.0
nm0000179,nm0000179,Jude Law,1972,\N,M,55.0,31.0,12.0,4.0,102.0,51.0
nm0425005,nm0425005,Dwayne Johnson,1972,\N,M,176.0,27.0,16.0,14.0,233.0,51.0
nm0532683,nm0532683,Gabriel Macht,1972,\N,M,140.0,22.0,7.0,5.0,174.0,51.0
nm0005527,nm0005527,Sofía Vergara,1972,\N,F,10.0,276.0,6.0,1.0,293.0,51.0
nm0005182,nm0005182,Leslie Mann,1972,\N,F,2.0,5.0,7.0,4.0,18.0,51.0
nm0004757,nm0004757,Selma Blair,1972,\N,F,32.0,82.0,14.0,6.0,134.0,51.0
nm0004748,nm0004748,Julie Benz,1972,\N,F,16.0,115.0,13.0,8.0,152.0,51.0
nm0000255,nm0000255,Ben Affleck,1972,\N,M,46.0,9.0,5.0,1.0,61.0,51.0
nm0000139,nm0000139,Cameron Diaz,1972,\N,F,12.0,16.0,13.0,2.0,43.0,51.0
nm0881631,nm0881631,Karl Urban,1972,\N,M,52.0,8.0,6.0,5.0,71.0,51.0
nm0252961,nm0252961,Idris Elba,1972,\N,M,55.0,19.0,47.0,23.0,144.0,51.0
nm0446465,nm0446465,Jean Louisa Kelly,1972,\N,F,16.0,107.0,10.0,14.0,147.0,51.0
nm0511088,nm0511088,Andrew Lincoln,1973,\N,M,147.0,21.0,22.0,21.0,211.0,50.0
nm0267812,nm0267812,Vera Farmiga,1973,\N,F,73.0,27.0,27.0,19.0,146.0,50.0
nm0000496,nm0000496,Juliette Lewis,1973,\N,F,20.0,18.0,30.0,41.0,109.0,50.0
nm0004395,nm0004395,Adam Scott,1973,\N,M,61.0,5.0,11.0,18.0,95.0,50.0
nm0004753,nm0004753,Leslie Bibb,1973,\N,F,78.0,13.0,21.0,17.0,129.0,50.0
nm0532235,nm0532235,Seth MacFarlane,1973,\N,M,809.0,7.0,19.0,12.0,847.0,50.0
nm0002436,nm0002436,Shannon Elizabeth,1973,\N,F,35.0,7.0,6.0,4.0,52.0,50.0
nm1063517,nm1063517,Kathryn Hahn,1973,\N,F,17.0,29.0,23.0,93.0,162.0,50.0
nm0372176,nm0372176,Lena Headey,1973,\N,F,53.0,47.0,55.0,13.0,168.0,50.0
nm0000295,nm0000295,Kate Beckinsale,1973,\N,F,41.0,12.0,9.0,4.0,66.0,50.0
nm0737533,nm0737533,Elisabeth Röhm,1973,\N,F,15.0,13.0,8.0,14.0,50.0,50.0
nm0006663,nm0006663,Enrique Murciano,1973,\N,M,2.0,11.0,2.0,162.0,177.0,50.0
nm0004778,nm0004778,Adrien Brody,1973,\N,M,41.0,12.0,19.0,13.0,85.0,50.0
nm1325419,nm1325419,Kristen Wiig,1973,\N,F,44.0,41.0,18.0,10.0,113.0,50.0
nm0578949,nm0578949,Eva Mendes,1974,\N,F,5.0,7.0,10.0,2.0,24.0,49.0
nm0249291,nm0249291,Joel Edgerton,1974,\N,M,20.0,23.0,18.0,5.0,66.0,49.0
nm0004851,nm0004851,Penélope Cruz,1974,\N,F,29.0,22.0,6.0,9.0,66.0,49.0
nm0278979,nm0278979,Jenna Fischer,1974,\N,F,30.0,3.0,56.0,147.0,236.0,49.0
nm0000288,nm0000288,Christian Bale,1974,\N,M,29.0,9.0,9.0,3.0,50.0,49.0
nm1469236,nm1469236,Olivia Colman,1974,\N,F,52.0,52.0,83.0,58.0,245.0,49.0
nm2126366,nm2126366,Paul Greene,1974,\N,M,1.0,19.0,0.0,15.0,35.0,49.0
nm0880811,nm0880811,Cristina Umaña,1974,\N,F,255.0,99.0,327.0,71.0,752.0,49.0
nm0788335,nm0788335,Michael Shannon,1974,\N,M,29.0,22.0,47.0,31.0,129.0,49.0
nm0010736,nm0010736,Amy Adams,1974,\N,F,30.0,8.0,7.0,7.0,52.0,49.0
nm0006969,nm0006969,Elizabeth Banks,1974,\N,F,41.0,23.0,12.0,12.0,88.0,49.0
nm0000138,nm0000138,Leonardo DiCaprio,1974,\N,M,37.0,5.0,2.0,3.0,47.0,49.0
nm0677826,nm0677826,Ian Petrella,1974,\N,M,0.0,0.0,1.0,0.0,1.0,49.0
nm1055302,nm1055302,Rhys Darby,1974,\N,M,32.0,108.0,47.0,7.0,194.0,49.0
nm0005299,nm0005299,Sarah Paulson,1974,\N,F,91.0,37.0,35.0,24.0,187.0,49.0
nm1065454,nm1065454,Tricia Helfer,1974,\N,F,20.0,9.0,5.0,28.0,62.0,49.0
nm0001618,nm0001618,Joaquin Phoenix,1974,\N,M,25.0,9.0,7.0,4.0,45.0,49.0
nm0134224,nm0134224,Kay Cannon,1974,\N,F,1.0,1.0,0.0,1.0,3.0,49.0
nm1318596,nm1318596,Jemaine Clement,1974,\N,M,64.0,48.0,14.0,10.0,136.0,49.0
nm0587431,nm0587431,Ivana Milicevic,1974,\N,F,3.0,43.0,9.0,9.0,64.0,49.0
nm0005211,nm0005211,Danica McKellar,1975,\N,F,37.0,24.0,6.0,13.0,80.0,48.0
nm4745222,nm4745222,Keala Settle,1975,\N,F,0.0,0.0,1.0,1.0,2.0,48.0
nm0004825,nm0004825,Emmanuelle Chriqui,1975,\N,F,19.0,22.0,29.0,16.0,86.0,48.0
nm0000701,nm0000701,Kate Winslet,1975,\N,F,43.0,19.0,5.0,6.0,73.0,48.0
nm0954036,nm0954036,Natalie Zea,1975,\N,F,27.0,61.0,3.0,25.0,116.0,48.0
nm2121656,nm2121656,Pleasant Wayne,1975,\N,F,0.0,2.0,1.0,0.0,3.0,48.0
nm0763928,nm0763928,Rodrigo Santoro,1975,\N,M,42.0,65.0,12.0,292.0,411.0,48.0
nm0004802,nm0004802,Linda Cardellini,1975,\N,F,63.0,54.0,80.0,31.0,228.0,48.0
nm0177896,nm0177896,Bradley Cooper,1975,\N,M,29.0,16.0,15.0,50.0,110.0,48.0
nm0301959,nm0301959,Johnny Galecki,1975,\N,M,283.0,5.0,2.0,17.0,307.0,48.0
nm0169806,nm0169806,Taika Waititi,1975,\N,M,2.0,11.0,10.0,6.0,29.0,48.0
nm0801051,nm0801051,Jimmi Simpson,1975,\N,M,3.0,14.0,24.0,13.0,54.0,48.0
nm0000170,nm0000170,Milla Jovovich,1975,\N,F,23.0,11.0,4.0,1.0,39.0,48.0
nm1092086,nm1092086,David Harbour,1975,\N,M,10.0,52.0,7.0,11.0,80.0,48.0
nm0001267,nm0001267,Balthazar Getty,1975,\N,M,7.0,4.0,21.0,12.0,44.0,48.0
nm0347149,nm0347149,Sienna Guillory,1975,\N,F,9.0,22.0,11.0,13.0,55.0,48.0
nm0050959,nm0050959,Pedro Pascal,1975,\N,M,57.0,8.0,27.0,5.0,97.0,48.0
nm0182839,nm0182839,Marion Cotillard,1975,\N,F,35.0,29.0,4.0,8.0,76.0,48.0
nm0005346,nm0005346,Tara Reid,1975,\N,F,34.0,22.0,5.0,5.0,66.0,48.0
nm1745736,nm1745736,Paula Patton,1975,\N,F,24.0,10.0,6.0,2.0,42.0,48.0
nm0000106,nm0000106,Drew Barrymore,1975,\N,F,52.0,27.0,2.0,5.0,86.0,48.0
nm0339460,nm0339460,Judy Greer,1975,\N,F,60.0,134.0,134.0,42.0,370.0,48.0
nm0714147,nm0714147,Elizabeth Reaser,1975,\N,F,14.0,2.0,16.0,18.0,50.0,48.0
nm0001860,nm0001860,Alicia Witt,1975,\N,F,23.0,17.0,50.0,26.0,116.0,48.0
nm0000234,nm0000234,Charlize Theron,1975,\N,F,21.0,16.0,10.0,6.0,53.0,48.0
nm0376716,nm0376716,Christina Hendricks,1975,\N,F,53.0,18.0,4.0,30.0,105.0,48.0
nm0001401,nm0001401,Angelina Jolie,1975,\N,F,23.0,17.0,7.0,6.0,53.0,48.0
nm0005442,nm0005442,Amy Smart,1976,\N,F,10.0,18.0,18.0,3.0,49.0,47.0
nm0268199,nm0268199,Colin Farrell,1976,\N,M,49.0,12.0,4.0,6.0,71.0,47.0
nm0656335,nm0656335,Sam Page,1976,\N,M,8.0,12.0,17.0,40.0,77.0,47.0
nm0005194,nm0005194,Danny Masterson,1976,\N,M,34.0,76.0,6.0,193.0,309.0,47.0
nm0614165,nm0614165,Cillian Murphy,1976,\N,M,54.0,13.0,8.0,6.0,81.0,47.0
nm0279545,nm0279545,Isla Fisher,1976,\N,F,19.0,6.0,6.0,3.0,34.0,47.0
nm1256532,nm1256532,Jon Bernthal,1976,\N,M,54.0,56.0,11.0,23.0,144.0,47.0
nm1208167,nm1208167,Diane Kruger,1976,\N,F,52.0,18.0,7.0,5.0,82.0,47.0
nm0009918,nm0009918,Amy Acker,1976,\N,F,17.0,36.0,71.0,55.0,179.0,47.0
nm1020089,nm1020089,Sally Hawkins,1976,\N,F,14.0,12.0,5.0,12.0,43.0,47.0
nm0403652,nm0403652,Ryan Hurst,1976,\N,M,2.0,10.0,28.0,30.0,70.0,47.0
nm0000224,nm0000224,Alicia Silverstone,1976,\N,F,98.0,12.0,11.0,3.0,124.0,47.0
nm0531808,nm0531808,Kelly Macdonald,1976,\N,F,11.0,52.0,35.0,7.0,105.0,47.0
nm0149950,nm0149950,Sarah Chalke,1976,\N,F,56.0,240.0,9.0,67.0,372.0,47.0
nm0005351,nm0005351,Ryan Reynolds,1976,\N,M,70.0,117.0,9.0,3.0,199.0,47.0
nm0002907,nm0002907,Alexander Skarsgård,1976,\N,M,25.0,11.0,5.0,18.0,59.0,47.0
nm0542133,nm0542133,Joe Manganiello,1976,\N,M,3.0,5.0,3.0,6.0,17.0,47.0
nm0567356,nm0567356,Martine McCutcheon,1976,\N,F,7.0,20.0,4.0,2.0,33.0,47.0
nm1212722,nm1212722,Benedict Cumberbatch,1976,\N,M,94.0,20.0,7.0,5.0,126.0,47.0
nm0429069,nm0429069,Rashida Jones,1976,\N,F,55.0,118.0,24.0,11.0,208.0,47.0
nm0267506,nm0267506,Anna Faris,1976,\N,F,168.0,13.0,8.0,3.0,192.0,47.0
nm0941777,nm0941777,Sam Worthington,1976,\N,M,29.0,27.0,5.0,5.0,66.0,47.0
nm0000702,nm0000702,Reese Witherspoon,1976,\N,F,54.0,41.0,7.0,4.0,106.0,47.0
nm0121026,nm0121026,Candace Cameron Bure,1976,\N,F,116.0,5.0,4.0,108.0,233.0,47.0
nm1157358,nm1157358,Michelle Monaghan,1976,\N,F,27.0,50.0,12.0,3.0,92.0,47.0
nm0595485,nm0595485,Kate Moennig,1977,\N,F,1.0,44.0,6.0,17.0,68.0,46.0
nm0004988,nm0004988,Colin Hanks,1977,\N,M,229.0,38.0,19.0,10.0,296.0,46.0
nm0700577,nm0700577,Lucy Punch,1977,\N,F,4.0,23.0,30.0,7.0,64.0,46.0
nm0000239,nm0000239,Liv Tyler,1977,\N,F,3.0,23.0,6.0,24.0,56.0,46.0
nm0893257,nm0893257,Milo Ventimiglia,1977,\N,M,139.0,12.0,20.0,6.0,177.0,46.0
nm1055413,nm1055413,Michael Fassbender,1977,\N,M,31.0,11.0,15.0,3.0,60.0,46.0
nm0054697,nm0054697,Ike Barinholtz,1977,\N,M,122.0,7.0,49.0,118.0,296.0,46.0
nm1567113,nm1567113,Jessica Chastain,1977,\N,F,34.0,15.0,3.0,5.0,57.0,46.0
nm0001667,nm0001667,Jonathan Rhys Meyers,1977,\N,M,68.0,15.0,10.0,5.0,98.0,46.0
nm0093589,nm0093589,Matt Bomer,1977,\N,M,116.0,12.0,3.0,16.0,147.0,46.0
nm1078479,nm1078479,John Cena,1977,\N,M,51.0,14.0,29.0,38.0,132.0,46.0
nm0935395,nm0935395,Katheryn Winnick,1977,\N,F,81.0,49.0,6.0,2.0,138.0,46.0
nm0005326,nm0005326,Jaime Pressly,1977,\N,F,29.0,7.0,141.0,106.0,283.0,46.0
nm1183149,nm1183149,Edgar Ramírez,1977,\N,M,36.0,13.0,11.0,2.0,62.0,46.0
nm0362766,nm0362766,Tom Hardy,1977,\N,M,38.0,8.0,7.0,11.0,64.0,46.0
nm0656215,nm0656215,Joanna Page,1977,\N,F,14.0,21.0,0.0,18.0,53.0,46.0
nm0711864,nm0711864,Devin Ratray,1977,\N,M,1.0,2.0,2.0,7.0,12.0,46.0
nm1089685,nm1089685,Vanessa Ferlito,1977,\N,F,2.0,33.0,117.0,29.0,181.0,46.0
nm1058940,nm1058940,Scoot McNairy,1977,\N,M,19.0,57.0,15.0,19.0,110.0,46.0
nm0992538,nm0992538,Steve Howey,1977,\N,M,18.0,14.0,5.0,83.0,120.0,46.0
nm0324462,nm0324462,Angela Goethals,1977,\N,F,2.0,41.0,1.0,4.0,48.0,46.0
nm0089217,nm0089217,Orlando Bloom,1977,\N,M,41.0,9.0,6.0,6.0,62.0,46.0
nm0717709,nm0717709,Kelly Reilly,1977,\N,F,27.0,17.0,52.0,16.0,112.0,46.0
nm1211488,nm1211488,Lynn Collins,1977,\N,F,9.0,8.0,8.0,6.0,31.0,46.0
nm0328828,nm0328828,Matthew Goode,1978,\N,M,28.0,27.0,14.0,4.0,73.0,45.0
nm0802995,nm0802995,Greg Sestero,1978,\N,M,7.0,4.0,3.0,2.0,16.0,45.0
nm1136435,nm1136435,Courtney Henggeler,1978,\N,F,0.0,3.0,53.0,1.0,57.0,45.0
nm0256121,nm0256121,Ethan Embry,1978,\N,M,30.0,29.0,7.0,26.0,92.0,45.0
nm0004786,nm0004786,Brooke Burns,1978,\N,F,12.0,51.0,9.0,3.0,75.0,45.0
nm0379596,nm0379596,Jay Hernandez,1978,\N,M,108.0,18.0,5.0,3.0,134.0,45.0
nm3729225,nm3729225,Gwendoline Christie,1978,\N,F,2.0,13.0,4.0,2.0,21.0,45.0
nm0628120,nm0628120,Jaime Ray Newman,1978,\N,F,3.0,8.0,4.0,19.0,34.0,45.0
nm1046097,nm1046097,Rachel McAdams,1978,\N,F,6.0,23.0,10.0,9.0,48.0,45.0
nm0015196,nm0015196,Malin Akerman,1978,\N,F,93.0,30.0,8.0,41.0,172.0,45.0
nm0005535,nm0005535,Estella Warren,1978,\N,F,6.0,16.0,5.0,2.0,29.0,45.0
nm0329481,nm0329481,Ginnifer Goodwin,1978,\N,F,145.0,23.0,5.0,60.0,233.0,45.0
nm0005017,nm0005017,Katie Holmes,1978,\N,F,17.0,122.0,12.0,16.0,167.0,45.0
nm0005064,nm0005064,January Jones,1978,\N,F,2.0,14.0,5.0,99.0,120.0,45.0
nm0004356,nm0004356,Lisa Jakub,1978,\N,F,0.0,4.0,3.0,6.0,13.0,45.0
nm0005110,nm0005110,Ashton Kutcher,1978,\N,M,174.0,11.0,183.0,3.0,371.0,45.0
nm0001337,nm0001337,Katherine Heigl,1978,\N,F,68.0,9.0,186.0,5.0,268.0,45.0
nm0472710,nm0472710,David Krumholtz,1978,\N,M,18.0,136.0,26.0,29.0,209.0,45.0
nm1032567,nm1032567,Pablo Schreiber,1978,\N,M,14.0,10.0,20.0,29.0,73.0,45.0
nm0314514,nm0314514,Lauren German,1978,\N,F,2.0,104.0,2.0,50.0,158.0,45.0
nm2167957,nm2167957,Paul Anderson,1978,\N,M,4.0,3.0,22.0,7.0,36.0,45.0
nm0290556,nm0290556,James Franco,1978,\N,M,91.0,20.0,32.0,7.0,150.0,45.0
nm0117709,nm0117709,Daniel Brühl,1978,\N,M,45.0,15.0,18.0,6.0,84.0,45.0
nm0757855,nm0757855,Zoe Saldana,1978,\N,F,40.0,15.0,11.0,5.0,71.0,45.0
nm1065664,nm1065664,Stana Katic,1978,\N,F,34.0,180.0,3.0,1.0,218.0,45.0
nm1652433,nm1652433,Michael Zegen,1979,\N,M,0.0,1.0,46.0,1.0,48.0,44.0
nm0126284,nm0126284,Rose Byrne,1979,\N,F,51.0,88.0,12.0,7.0,158.0,44.0
nm1195855,nm1195855,Lee Pace,1979,\N,M,69.0,21.0,2.0,14.0,106.0,44.0
nm0666739,nm0666739,Aaron Paul,1979,\N,M,50.0,5.0,67.0,6.0,128.0,44.0
nm0206257,nm0206257,Rosario Dawson,1979,\N,F,65.0,22.0,26.0,12.0,125.0,44.0
nm0366389,nm0366389,Kevin Hart,1979,\N,M,60.0,11.0,14.0,5.0,90.0,44.0
nm1024677,nm1024677,John Krasinski,1979,\N,M,35.0,56.0,148.0,7.0,246.0,44.0
nm0454809,nm0454809,Jaime King,1979,\N,F,30.0,86.0,16.0,16.0,148.0,44.0
nm1209966,nm1209966,Oscar Isaac,1979,\N,M,33.0,13.0,10.0,6.0,62.0,44.0
nm1172478,nm1172478,Joel Kinnaman,1979,\N,M,51.0,34.0,43.0,18.0,146.0,44.0
nm0004705,nm0004705,Summer Altice,1979,\N,F,3.0,13.0,1.0,1.0,18.0,44.0
nm0001349,nm0001349,Jennifer Love Hewitt,1979,\N,F,164.0,13.0,87.0,15.0,279.0,44.0
nm1812656,nm1812656,Luke Evans,1979,\N,M,15.0,54.0,7.0,12.0,88.0,44.0
nm0636426,nm0636426,Noomi Rapace,1979,\N,F,27.0,17.0,10.0,12.0,66.0,44.0
nm1358539,nm1358539,Jennifer Carpenter,1979,\N,F,25.0,81.0,49.0,1.0,156.0,44.0
nm1431940,nm1431940,Evangeline Lilly,1979,\N,F,1.0,9.0,4.0,1.0,15.0,44.0
nm1128572,nm1128572,Lake Bell,1979,\N,F,56.0,103.0,29.0,28.0,216.0,44.0
nm0564215,nm0564215,James McAvoy,1979,\N,M,34.0,14.0,19.0,1.0,68.0,44.0
nm1072555,nm1072555,Morena Baccarin,1979,\N,F,31.0,18.0,31.0,102.0,182.0,44.0
nm5077137,nm5077137,Emily V. Gordon,1979,\N,F,0.0,2.0,1.0,0.0,3.0,44.0
nm0695435,nm0695435,Chris Pratt,1979,\N,M,33.0,11.0,6.0,8.0,58.0,44.0
nm0683253,nm0683253,Rosamund Pike,1979,\N,F,41.0,19.0,21.0,14.0,95.0,44.0
nm2186865,nm2186865,Hong Chau,1979,\N,F,14.0,11.0,4.0,6.0,35.0,44.0
nm0005028,nm0005028,Kate Hudson,1979,\N,F,11.0,12.0,7.0,3.0,33.0,44.0
nm0000337,nm0000337,Rachael Leigh Cook,1979,\N,F,35.0,54.0,20.0,7.0,116.0,44.0
nm1787887,nm1787887,Veronica Ngo,1979,\N,F,4.0,4.0,2.0,1.0,11.0,44.0
nm1379938,nm1379938,Travis Fimmel,1979,\N,M,67.0,17.0,3.0,3.0,90.0,44.0
nm0000132,nm0000132,Claire Danes,1979,\N,F,110.0,27.0,26.0,5.0,168.0,44.0
nm0702572,nm0702572,Maggie Q,1979,\N,F,80.0,24.0,15.0,2.0,121.0,44.0
nm0607185,nm0607185,Jennifer Morrison,1979,\N,F,7.0,144.0,3.0,7.0,161.0,44.0
nm0534975,nm0534975,Holly Madison,1979,\N,F,1.0,0.0,0.0,0.0,1.0,44.0
nm1396022,nm1396022,Anna Torv,1979,\N,F,130.0,1.0,4.0,2.0,137.0,44.0
nm0526019,nm0526019,Diego Luna,1979,\N,M,41.0,48.0,7.0,1.0,97.0,44.0
nm0597388,nm0597388,Jason Momoa,1979,\N,M,69.0,17.0,25.0,58.0,169.0,44.0
nm0629697,nm0629697,Rachel Nichols,1980,\N,F,62.0,7.0,3.0,0.0,72.0,43.0
nm1851981,nm1851981,Melissa Rauch,1980,\N,F,19.0,2.0,2.0,4.0,27.0,43.0
nm0490477,nm0490477,Ellen Latzen,1980,\N,F,0.0,0.0,0.0,3.0,3.0,43.0
nm0350453,nm0350453,Jake Gyllenhaal,1980,\N,M,46.0,11.0,4.0,2.0,63.0,43.0
nm0000207,nm0000207,Christina Ricci,1980,\N,F,58.0,11.0,7.0,3.0,79.0,43.0
nm0924210,nm0924210,Ben Whishaw,1980,\N,M,39.0,12.0,4.0,13.0,68.0,43.0
nm2884388,nm2884388,Chris Sullivan,1980,\N,M,0.0,2.0,5.0,2.0,9.0,43.0
nm1157048,nm1157048,Zachary Levi,1980,\N,M,160.0,38.0,8.0,77.0,283.0,43.0
nm0402271,nm0402271,Charlie Hunnam,1980,\N,M,118.0,3.0,21.0,1.0,143.0,43.0
nm1517976,nm1517976,Chris Pine,1980,\N,M,26.0,14.0,7.0,2.0,49.0,43.0
nm1200692,nm1200692,Eva Green,1980,\N,F,10.0,21.0,29.0,2.0,62.0,43.0
nm0000346,nm0000346,Macaulay Culkin,1980,\N,M,14.0,7.0,6.0,2.0,29.0,43.0
nm0001043,nm0001043,Anna Chlumsky,1980,\N,F,13.0,73.0,10.0,1.0,97.0,43.0
nm0755267,nm0755267,Katee Sackhoff,1980,\N,F,31.0,78.0,83.0,21.0,213.0,43.0
nm1382799,nm1382799,Juliette Danielle,1980,\N,F,3.0,3.0,4.0,0.0,10.0,43.0
nm1307435,nm1307435,Alex Hassell,1980,\N,M,1.0,4.0,3.0,3.0,11.0,43.0
nm0244630,nm0244630,Eliza Dushku,1980,\N,F,61.0,12.0,10.0,13.0,96.0,43.0
nm0068338,nm0068338,Kristen Bell,1980,\N,F,204.0,87.0,25.0,5.0,321.0,43.0
nm0931329,nm0931329,Michelle Williams,1980,\N,F,14.0,34.0,121.0,3.0,172.0,43.0
nm0696059,nm0696059,Laura Prepon,1980,\N,F,16.0,34.0,23.0,0.0,73.0,43.0
nm0331516,nm0331516,Ryan Gosling,1980,\N,M,52.0,12.0,15.0,19.0,98.0,43.0
nm1763049,nm1763049,April Bowlby,1980,\N,F,4.0,44.0,1.0,1.0,50.0,43.0
nm2313103,nm2313103,Rebel Wilson,1980,\N,F,35.0,6.0,3.0,1.0,45.0,43.0
nm2239702,nm2239702,Katherine Waterston,1980,\N,F,6.0,15.0,6.0,5.0,32.0,43.0
nm0803890,nm0803890,Gustaf Skarsgård,1980,\N,M,14.0,23.0,32.0,19.0,88.0,43.0
nm1537825,nm1537825,Sam Heughan,1980,\N,M,9.0,86.0,6.0,2.0,103.0,43.0
nm0221046,nm0221046,Zooey Deschanel,1980,\N,F,158.0,12.0,7.0,7.0,184.0,43.0
nm0923266,nm0923266,Merritt Wever,1980,\N,F,9.0,38.0,53.0,7.0,107.0,43.0
nm1475594,nm1475594,Channing Tatum,1980,\N,M,34.0,9.0,2.0,2.0,47.0,43.0
nm1601397,nm1601397,Olivia Munn,1980,\N,F,45.0,13.0,8.0,3.0,69.0,43.0
nm0330687,nm0330687,Joseph Gordon-Levitt,1981,\N,M,41.0,17.0,12.0,150.0,220.0,42.0
nm1890784,nm1890784,Michelle Dockery,1981,\N,F,26.0,23.0,7.0,6.0,62.0,42.0
nm3891176,nm3891176,Thomas Beaudoin,1981,\N,M,11.0,5.0,4.0,8.0,28.0,42.0
nm4689420,nm4689420,Carrie Coon,1981,\N,F,11.0,24.0,1.0,0.0,36.0,42.0
nm0817844,nm0817844,Abigail Spencer,1981,\N,F,60.0,36.0,2.0,5.0,103.0,42.0
nm1265802,nm1265802,Josh Gad,1981,\N,M,87.0,68.0,47.0,41.0,243.0,42.0
nm0397171,nm0397171,Bryce Dallas Howard,1981,\N,F,10.0,6.0,3.0,7.0,26.0,42.0
nm1602660,nm1602660,Ben Barnes,1981,\N,M,14.0,22.0,15.0,0.0,51.0,42.0
nm1685408,nm1685408,Dawn Olivieri,1981,\N,F,10.0,7.0,3.0,8.0,28.0,42.0
nm0001795,nm0001795,Jonathan Taylor Thomas,1981,\N,M,10.0,3.0,11.0,76.0,100.0,42.0
nm0262635,nm0262635,Chris Evans,1981,\N,M,30.0,15.0,7.0,13.0,65.0,42.0
nm2018237,nm2018237,Taylor Kitsch,1981,\N,M,14.0,10.0,37.0,2.0,63.0,42.0
nm2933542,nm2933542,Boyd Holbrook,1981,\N,M,23.0,33.0,3.0,3.0,62.0,42.0
nm1764351,nm1764351,Nicky Whelan,1981,\N,F,13.0,28.0,12.0,2.0,55.0,42.0
nm1089991,nm1089991,Tom Hiddleston,1981,\N,M,22.0,16.0,8.0,3.0,49.0,42.0
nm0159789,nm0159789,Hayden Christensen,1981,\N,M,11.0,5.0,10.0,2.0,28.0,42.0
nm0120410,nm0120410,Laura Bell Bundy,1981,\N,F,8.0,2.0,49.0,13.0,72.0,42.0
nm1392388,nm1392388,Elodie Yung,1981,\N,F,51.0,2.0,2.0,3.0,58.0,42.0
nm0000204,nm0000204,Natalie Portman,1981,\N,F,27.0,14.0,10.0,1.0,52.0,42.0
nm0088127,nm0088127,Alexis Bledel,1981,\N,F,6.0,169.0,4.0,19.0,198.0,42.0
nm1092227,nm1092227,Sienna Miller,1981,\N,F,15.0,29.0,8.0,5.0,57.0,42.0
nm2554352,nm2554352,T.J. Miller,1981,\N,M,7.0,59.0,17.0,95.0,178.0,42.0
nm0636942,nm0636942,Bojana Novakovic,1981,\N,F,8.0,35.0,23.0,7.0,73.0,42.0
nm0005466,nm0005466,Julia Stiles,1981,\N,F,65.0,30.0,11.0,6.0,112.0,42.0
nm0004695,nm0004695,Jessica Alba,1981,\N,F,86.0,17.0,15.0,30.0,148.0,42.0
nm1194672,nm1194672,Julie Gonzalo,1981,\N,F,9.0,2.0,4.0,43.0,58.0,42.0
nm1340697,nm1340697,Moneca Delain,1981,\N,F,0.0,0.0,2.0,1.0,3.0,42.0
nm0211087,nm0211087,Emilie de Ravin,1981,\N,F,5.0,23.0,48.0,35.0,111.0,42.0
nm0022609,nm0022609,Hanna Alström,1981,\N,F,32.0,28.0,1.0,0.0,61.0,42.0
nm1620783,nm1620783,Meghan Markle,1981,\N,F,5.0,6.0,3.0,108.0,122.0,42.0
nm2255288,nm2255288,Eliza Coupe,1981,\N,F,90.0,38.0,22.0,8.0,158.0,42.0
nm2057859,nm2057859,Andrea Riseborough,1981,\N,F,22.0,13.0,21.0,4.0,60.0,42.0
nm1785339,nm1785339,Rami Malek,1981,\N,M,49.0,3.0,3.0,0.0,55.0,42.0
nm2731660,nm2731660,Charlotte Riley,1981,\N,F,8.0,7.0,4.0,17.0,36.0,42.0
nm2235721,nm2235721,Ruth Wilson,1982,\N,F,21.0,54.0,4.0,0.0,79.0,41.0
nm1683768,nm1683768,Beau Garrett,1982,\N,F,3.0,45.0,4.0,39.0,91.0,41.0
nm0842332,nm0842332,Jodie Sweetin,1982,\N,F,9.0,83.0,3.0,0.0,95.0,41.0
nm1946193,nm1946193,Jamie Dornan,1982,\N,M,19.0,16.0,9.0,3.0,47.0,41.0
nm1527905,nm1527905,Toby Kebbell,1982,\N,M,10.0,50.0,3.0,6.0,69.0,41.0
nm0736622,nm0736622,Seth Rogen,1982,\N,M,20.0,33.0,9.0,12.0,74.0,41.0
nm0356017,nm0356017,Rebecca Hall,1982,\N,F,20.0,11.0,7.0,4.0,42.0,41.0
nm2809577,nm2809577,Jenny Slate,1982,\N,F,15.0,60.0,21.0,18.0,114.0,41.0
nm0000327,nm0000327,Lacey Chabert,1982,\N,F,184.0,101.0,59.0,175.0,519.0,41.0
nm0005253,nm0005253,Elisabeth Moss,1982,\N,F,90.0,112.0,5.0,8.0,215.0,41.0
nm0001085,nm0001085,Kieran Culkin,1982,\N,M,8.0,4.0,23.0,22.0,57.0,41.0
nm0004754,nm0004754,Jessica Biel,1982,\N,F,34.0,16.0,8.0,5.0,63.0,41.0
nm0000301,nm0000301,Thora Birch,1982,\N,F,15.0,7.0,5.0,15.0,42.0,41.0
nm0135221,nm0135221,Lizzy Caplan,1982,\N,F,38.0,66.0,57.0,6.0,167.0,41.0
nm1130627,nm1130627,Cobie Smulders,1982,\N,F,24.0,4.0,223.0,3.0,254.0,41.0
nm0500200,nm0500200,Chyler Leigh,1982,\N,F,28.0,36.0,119.0,0.0,183.0,41.0
nm1741002,nm1741002,Matt Smith,1982,\N,M,63.0,53.0,7.0,12.0,135.0,41.0
nm0004266,nm0004266,Anne Hathaway,1982,\N,F,29.0,25.0,4.0,11.0,69.0,41.0
nm2319871,nm2319871,Anna Camp,1982,\N,F,17.0,34.0,7.0,19.0,77.0,41.0
nm0000451,nm0000451,Gaby Hoffmann,1982,\N,F,8.0,49.0,7.0,4.0,68.0,41.0
nm2092886,nm2092886,Jodie Whittaker,1982,\N,F,61.0,13.0,9.0,7.0,90.0,41.0
nm0193846,nm0193846,Elisha Cuthbert,1982,\N,F,19.0,107.0,40.0,54.0,220.0,41.0
nm0471036,nm0471036,Kristin Kreuk,1982,\N,F,103.0,136.0,26.0,3.0,268.0,41.0
nm0180411,nm0180411,Abbie Cornish,1982,\N,F,23.0,23.0,20.0,2.0,68.0,41.0
nm1659221,nm1659221,Sebastian Stan,1982,\N,M,5.0,20.0,2.0,13.0,40.0,41.0
nm2125623,nm2125623,Bridget Regan,1982,\N,F,15.0,45.0,35.0,4.0,99.0,41.0
nm0001593,nm0001593,Anna Paquin,1982,\N,F,111.0,9.0,5.0,6.0,131.0,41.0
nm2442289,nm2442289,Gina Carano,1982,\N,F,6.0,3.0,4.0,8.0,21.0,41.0
nm2088803,nm2088803,Yvonne Strahovski,1982,\N,F,10.0,132.0,41.0,1.0,184.0,41.0
nm0993242,nm0993242,Clémence Poésy,1982,\N,F,15.0,33.0,14.0,16.0,78.0,41.0
nm1670886,nm1670886,Travis Van Winkle,1982,\N,M,5.0,14.0,2.0,4.0,25.0,41.0
nm0682300,nm0682300,Bradley Pierce,1982,\N,M,12.0,10.0,3.0,0.0,25.0,41.0
nm1404408,nm1404408,Alice Eve,1982,\N,F,10.0,12.0,5.0,3.0,30.0,41.0
nm0000379,nm0000379,Kirsten Dunst,1982,\N,F,50.0,17.0,5.0,2.0,74.0,41.0
nm0304801,nm0304801,Romola Garai,1982,\N,F,20.0,24.0,8.0,5.0,57.0,41.0
nm1519666,nm1519666,Eddie Redmayne,1982,\N,M,14.0,10.0,4.0,11.0,39.0,41.0
nm0154226,nm0154226,Justin Chatwin,1982,\N,M,9.0,26.0,54.0,0.0,89.0,41.0
nm2017943,nm2017943,Hayley Atwell,1982,\N,F,51.0,9.0,13.0,6.0,79.0,41.0
nm1555340,nm1555340,Alison Brie,1982,\N,F,48.0,10.0,84.0,16.0,158.0,41.0
nm1231899,nm1231899,Priyanka Chopra Jonas,1982,\N,F,76.0,27.0,15.0,4.0,122.0,41.0
nm1405398,nm1405398,Dan Stevens,1982,\N,M,50.0,14.0,16.0,7.0,87.0,41.0
nm1754059,nm1754059,Natalie Dormer,1982,\N,F,31.0,8.0,10.0,4.0,53.0,41.0
nm1154749,nm1154749,Sofia Boutella,1982,\N,F,8.0,6.0,2.0,4.0,20.0,41.0
nm1298458,nm1298458,Guy Burnet,1983,\N,M,18.0,6.0,1.0,3.0,28.0,40.0
nm0147147,nm0147147,Henry Cavill,1983,\N,M,37.0,33.0,3.0,11.0,84.0,40.0
nm0005109,nm0005109,Mila Kunis,1983,\N,F,30.0,195.0,6.0,411.0,642.0,40.0
nm2143282,nm2143282,Lupita Nyong'o,1983,\N,F,30.0,14.0,9.0,5.0,58.0,40.0
nm1597316,nm1597316,Adrianne Palicki,1983,\N,F,2.0,47.0,6.0,5.0,60.0,40.0
nm1192254,nm1192254,Maggie Grace,1983,\N,F,24.0,5.0,51.0,17.0,97.0,40.0
nm0310966,nm0310966,Ari Graynor,1983,\N,F,17.0,22.0,11.0,2.0,52.0,40.0
nm0942792,nm0942792,Sarah Wright,1983,\N,F,1.0,2.0,3.0,22.0,28.0,40.0
nm3043279,nm3043279,Vicky Krieps,1983,\N,F,25.0,10.0,7.0,3.0,45.0,40.0
nm1289434,nm1289434,Emily Blunt,1983,\N,F,22.0,13.0,13.0,4.0,52.0,40.0
nm1165110,nm1165110,Chris Hemsworth,1983,\N,M,21.0,13.0,0.0,2.0,36.0,40.0
nm1940449,nm1940449,Andrew Garfield,1983,\N,M,25.0,4.0,3.0,3.0,35.0,40.0
nm1512166,nm1512166,Jamie Chung,1983,\N,F,15.0,16.0,19.0,73.0,123.0,40.0
nm1935086,nm1935086,Tessa Thompson,1983,\N,F,9.0,11.0,5.0,20.0,45.0,40.0
nm3485845,nm3485845,Adam Driver,1983,\N,M,15.0,10.0,5.0,14.0,44.0,40.0
nm1950086,nm1950086,Greta Gerwig,1983,\N,F,11.0,14.0,7.0,11.0,43.0,40.0
nm2255973,nm2255973,Donald Glover,1983,\N,M,68.0,27.0,14.0,9.0,118.0,40.0
nm0272581,nm0272581,Rebecca Ferguson,1983,\N,F,22.0,11.0,10.0,2.0,45.0,40.0
nm1443740,nm1443740,Zoe Kazan,1983,\N,F,13.0,4.0,8.0,3.0,28.0,40.0
nm1727304,nm1727304,Domhnall Gleeson,1983,\N,M,10.0,24.0,7.0,12.0,53.0,40.0
nm1679778,nm1679778,Sylvia Hoeks,1983,\N,F,34.0,30.0,4.0,3.0,71.0,40.0
nm1782667,nm1782667,Matt Lanter,1983,\N,M,32.0,67.0,22.0,13.0,134.0,40.0
nm1706767,nm1706767,Jonah Hill,1983,\N,M,20.0,16.0,9.0,5.0,50.0,40.0
nm2636108,nm2636108,Aidan Turner,1983,\N,M,31.0,12.0,27.0,8.0,78.0,40.0
nm0544718,nm0544718,Kate Mara,1983,\N,F,18.0,22.0,18.0,11.0,69.0,40.0
nm0428065,nm0428065,Felicity Jones,1983,\N,F,14.0,14.0,4.0,4.0,36.0,40.0
nm0424534,nm0424534,Ashley Johnson,1983,\N,F,27.0,111.0,90.0,30.0,258.0,40.0
nm1813221,nm1813221,Gugu Mbatha-Raw,1983,\N,F,40.0,20.0,6.0,7.0,73.0,40.0
nm2692146,nm2692146,Katie McGrath,1983,\N,F,13.0,13.0,41.0,29.0,96.0,40.0
nm1164730,nm1164730,Natalia Tena,1984,\N,F,24.0,14.0,18.0,4.0,60.0,39.0
nm0571952,nm0571952,Kate McKinnon,1984,\N,F,34.0,27.0,22.0,60.0,143.0,39.0
nm1526352,nm1526352,Jaimie Alexander,1984,\N,F,37.0,72.0,5.0,0.0,114.0,39.0
nm0935541,nm0935541,Mary Elizabeth Winstead,1984,\N,F,26.0,8.0,22.0,3.0,59.0,39.0
nm1312575,nm1312575,Olivia Wilde,1984,\N,F,8.0,7.0,22.0,9.0,46.0,39.0
nm0601553,nm0601553,Mandy Moore,1984,\N,F,55.0,172.0,5.0,14.0,246.0,39.0
nm0540441,nm0540441,Jena Malone,1984,\N,F,23.0,19.0,4.0,11.0,57.0,39.0
nm1330560,nm1330560,Garrett Hedlund,1984,\N,M,7.0,5.0,5.0,8.0,25.0,39.0
nm0424060,nm0424060,Scarlett Johansson,1984,\N,F,24.0,14.0,16.0,3.0,57.0,39.0
nm2201555,nm2201555,Aubrey Plaza,1984,\N,F,30.0,20.0,37.0,36.0,123.0,39.0
nm0837223,nm0837223,Alison Sudol,1984,\N,F,0.0,2.0,2.0,12.0,16.0,39.0
nm1834115,nm1834115,Annabelle Wallis,1984,\N,F,4.0,5.0,1.0,16.0,26.0,39.0
nm2946516,nm2946516,Claire Foy,1984,\N,F,40.0,9.0,11.0,3.0,63.0,39.0
nm2933757,nm2933757,Gal Gadot,1985,\N,F,12.0,4.0,12.0,1.0,29.0,38.0
nm1137209,nm1137209,Tatiana Maslany,1985,\N,F,102.0,16.0,6.0,13.0,137.0,38.0
nm1506908,nm1506908,Talulah Riley,1985,\N,F,3.0,4.0,3.0,4.0,14.0,38.0
nm0461136,nm0461136,Keira Knightley,1985,\N,F,29.0,11.0,6.0,2.0,48.0,38.0
nm2002649,nm2002649,Dave Franco,1985,\N,M,22.0,12.0,5.0,3.0,42.0,38.0
nm1086543,nm1086543,Amanda Seyfried,1985,\N,F,18.0,27.0,3.0,6.0,54.0,38.0
nm2832695,nm2832695,Deborah Ann Woll,1985,\N,F,41.0,45.0,3.0,2.0,91.0,38.0
nm0484840,nm0484840,Max Landis,1985,\N,M,2.0,0.0,1.0,0.0,3.0,38.0
nm2676147,nm2676147,Jonathan Groff,1985,\N,M,24.0,12.0,7.0,10.0,53.0,38.0
nm2772584,nm2772584,Olivia Taylor Dudley,1985,\N,F,44.0,15.0,55.0,4.0,118.0,38.0
nm2129662,nm2129662,Cristin Milioti,1985,\N,F,28.0,16.0,0.0,25.0,69.0,38.0
nm2244205,nm2244205,Léa Seydoux,1985,\N,F,13.0,12.0,6.0,4.0,35.0,38.0
nm2652095,nm2652095,Laura Haddock,1985,\N,F,18.0,51.0,6.0,5.0,80.0,38.0
nm0192505,nm0192505,Kaley Cuoco,1985,\N,F,80.0,131.0,313.0,22.0,546.0,38.0
nm3584268,nm3584268,James Norton,1985,\N,M,35.0,10.0,6.0,19.0,70.0,38.0
nm4970834,nm4970834,Emily Berrington,1985,\N,F,4.0,3.0,2.0,1.0,10.0,38.0
nm1427034,nm1427034,Bar Paly,1985,\N,F,1.0,0.0,1.0,2.0,4.0,38.0
nm4023073,nm4023073,Rosa Salazar,1985,\N,F,28.0,8.0,6.0,14.0,56.0,38.0
nm0005502,nm0005502,Michelle Trachtenberg,1985,\N,F,11.0,22.0,14.0,47.0,94.0,38.0
nm3665787,nm3665787,Tom Cullen,1985,\N,M,27.0,3.0,8.0,2.0,40.0,38.0
nm3396631,nm3396631,Beth Behrs,1985,\N,F,17.0,137.0,2.0,1.0,157.0,38.0
nm1913734,nm1913734,Rooney Mara,1985,\N,F,8.0,9.0,3.0,4.0,24.0,38.0
nm0444223,nm0444223,Arielle Kebbel,1985,\N,F,10.0,20.0,11.0,22.0,63.0,38.0
nm0001499,nm0001499,Tina Majorino,1985,\N,F,3.0,5.0,5.0,17.0,30.0,38.0
nm2158803,nm2158803,Alex Meraz,1985,\N,M,2.0,2.0,4.0,1.0,9.0,38.0
nm1659547,nm1659547,Carey Mulligan,1985,\N,F,11.0,9.0,5.0,5.0,30.0,38.0
nm0447695,nm0447695,Anna Kendrick,1985,\N,F,53.0,7.0,10.0,4.0,74.0,38.0
nm6934058,nm6934058,Joonas Suotamo,1986,\N,M,0.0,0.0,1.0,2.0,3.0,37.0
nm3821405,nm3821405,Jake Lacy,1986,\N,M,11.0,15.0,2.0,25.0,53.0,37.0
nm1954240,nm1954240,Teresa Palmer,1986,\N,F,18.0,33.0,1.0,7.0,59.0,37.0
nm0005156,nm0005156,Eric Lloyd,1986,\N,M,0.0,21.0,8.0,26.0,55.0,37.0
nm0002536,nm0002536,Emmy Rossum,1986,\N,F,9.0,115.0,4.0,2.0,130.0,37.0
nm1951390,nm1951390,Frankie Shaw,1986,\N,F,21.0,7.0,15.0,0.0,43.0,37.0
nm1720028,nm1720028,Amber Heard,1986,\N,F,5.0,13.0,19.0,5.0,42.0,37.0
nm0811242,nm0811242,Brittany Snow,1986,\N,F,28.0,9.0,50.0,5.0,92.0,37.0
nm3433735,nm3433735,Tom Hughes,1986,\N,M,16.0,16.0,6.0,11.0,49.0,37.0
nm1556320,nm1556320,Katie Cassidy,1986,\N,F,24.0,94.0,24.0,4.0,146.0,37.0
nm1789336,nm1789336,Jessy Schram,1986,\N,F,11.0,8.0,3.0,31.0,53.0,37.0
nm3849670,nm3849670,Faye Marsay,1986,\N,F,7.0,16.0,5.0,5.0,33.0,37.0
nm0068260,nm0068260,Jamie Bell,1986,\N,M,53.0,9.0,8.0,4.0,74.0,37.0
nm3644706,nm3644706,Noël Wells,1986,\N,F,12.0,79.0,58.0,10.0,159.0,37.0
nm2207222,nm2207222,Scott Eastwood,1986,\N,M,10.0,4.0,4.0,1.0,19.0,37.0
nm3518672,nm3518672,Poppy Delevingne,1986,\N,F,5.0,1.0,1.0,2.0,9.0,37.0
nm2962353,nm2962353,Pom Klementieff,1986,\N,F,4.0,4.0,1.0,6.0,15.0,37.0
nm1500155,nm1500155,Robert Pattinson,1986,\N,M,18.0,9.0,6.0,0.0,33.0,37.0
nm0534635,nm0534635,Richard Madden,1986,\N,M,23.0,4.0,10.0,1.0,38.0,37.0
nm3592338,nm3592338,Emilia Clarke,1986,\N,F,13.0,6.0,15.0,38.0,72.0,37.0
nm3229685,nm3229685,Kit Harington,1986,\N,M,12.0,9.0,7.0,11.0,39.0,37.0
nm1275259,nm1275259,Alexandra Daddario,1986,\N,F,24.0,12.0,11.0,21.0,68.0,37.0
nm0517820,nm0517820,Lindsay Lohan,1986,\N,F,21.0,6.0,8.0,5.0,40.0,37.0
nm0993507,nm0993507,Kat Dennings,1986,\N,F,160.0,44.0,3.0,2.0,209.0,37.0
nm0479471,nm0479471,Shia LaBeouf,1986,\N,M,80.0,10.0,6.0,4.0,100.0,37.0
nm2772105,nm2772105,Oona Chaplin,1986,\N,F,12.0,11.0,2.0,4.0,29.0,37.0
nm1880888,nm1880888,Olivia Thirlby,1986,\N,F,6.0,9.0,6.0,23.0,44.0,37.0
nm2362068,nm2362068,Caity Lotz,1986,\N,F,36.0,37.0,16.0,40.0,129.0,37.0
nm3510471,nm3510471,Sam Claflin,1986,\N,M,5.0,20.0,7.0,6.0,38.0,37.0
nm2309517,nm2309517,Armie Hammer,1986,\N,M,4.0,13.0,5.0,0.0,22.0,37.0
nm1083271,nm1083271,Megan Fox,1986,\N,F,19.0,10.0,4.0,35.0,68.0,37.0
nm3199307,nm3199307,Ruby Rose,1986,\N,F,21.0,7.0,2.0,1.0,31.0,37.0
nm1982510,nm1982510,Jenna Coleman,1986,\N,F,65.0,43.0,12.0,8.0,128.0,37.0
nm3761798,nm3761798,Natasha O'Keeffe,1986,\N,F,5.0,5.0,5.0,15.0,30.0,37.0
nm2605345,nm2605345,Gemma Arterton,1986,\N,F,32.0,18.0,7.0,2.0,59.0,37.0
nm1715118,nm1715118,AnnaLynne McCord,1987,\N,F,43.0,16.0,70.0,47.0,176.0,36.0
nm1263939,nm1263939,Danielle Panabaker,1987,\N,F,9.0,41.0,189.0,3.0,242.0,36.0
nm0430107,nm0430107,Michael B. Jordan,1987,\N,M,43.0,4.0,4.0,23.0,74.0,36.0
nm2168927,nm2168927,Milana Vayntrub,1987,\N,F,8.0,10.0,10.0,17.0,45.0,36.0
nm2394794,nm2394794,Karen Gillan,1987,\N,F,30.0,64.0,11.0,4.0,109.0,36.0
nm0271657,nm0271657,Tom Felton,1987,\N,M,4.0,17.0,8.0,2.0,31.0,36.0
nm0939697,nm0939697,Evan Rachel Wood,1987,\N,F,48.0,8.0,5.0,3.0,64.0,36.0
nm0300589,nm0300589,Sarah Gadon,1987,\N,F,21.0,43.0,46.0,14.0,124.0,36.0
nm3647676,nm3647676,Charlie Murphy,1987,\N,F,6.0,10.0,4.0,5.0,25.0,36.0
nm2178959,nm2178959,Lily Cole,1987,\N,F,6.0,6.0,3.0,3.0,18.0,36.0
nm0680983,nm0680983,Elliot Page,1987,\N,M,45.0,18.0,5.0,3.0,71.0,36.0
nm3948190,nm3948190,Michaela Coel,1987,\N,F,20.0,7.0,10.0,2.0,39.0,36.0
nm3880181,nm3880181,Abbey Lee,1987,\N,F,5.0,9.0,4.0,6.0,24.0,36.0
nm0933798,nm0933798,Mara Wilson,1987,\N,F,1.0,4.0,3.0,1.0,9.0,36.0
nm3310211,nm3310211,Rose Leslie,1987,\N,F,9.0,20.0,22.0,1.0,52.0,36.0
nm0515116,nm0515116,Blake Lively,1987,\N,F,133.0,4.0,2.0,3.0,142.0,36.0
nm1374980,nm1374980,Zac Efron,1987,\N,M,27.0,20.0,6.0,2.0,55.0,36.0
nm3771184,nm3771184,Joe Cole,1988,\N,M,15.0,17.0,12.0,5.0,49.0,35.0
nm2057726,nm2057726,Jessica Lowndes,1988,\N,F,16.0,5.0,3.0,2.0,26.0,35.0
nm2539953,nm2539953,Alicia Vikander,1988,\N,F,24.0,9.0,6.0,5.0,44.0,35.0
nm2552034,nm2552034,Melissa Benoist,1988,\N,F,132.0,25.0,3.0,3.0,163.0,35.0
nm2570706,nm2570706,Sophie Rundle,1988,\N,F,19.0,7.0,9.0,21.0,56.0,35.0
nm0687146,nm0687146,Jesse Plemons,1988,\N,M,6.0,10.0,13.0,18.0,47.0,35.0
nm0005286,nm0005286,Haley Joel Osment,1988,\N,M,36.0,7.0,25.0,22.0,90.0,35.0
nm1297015,nm1297015,Emma Stone,1988,\N,F,23.0,18.0,8.0,4.0,53.0,35.0
nm3948952,nm3948952,Vanessa Kirby,1988,\N,F,11.0,5.0,7.0,9.0,32.0,35.0
nm0926165,nm0926165,Mae Whitman,1988,\N,F,34.0,82.0,73.0,34.0,223.0,35.0
nm0570860,nm0570860,Rose McIver,1988,\N,F,119.0,4.0,37.0,5.0,165.0,35.0
nm0115161,nm0115161,Emily Browning,1988,\N,F,39.0,31.0,3.0,0.0,73.0,35.0
nm1320897,nm1320897,Tian Jing,1988,\N,F,2.0,6.0,2.0,1.0,11.0,35.0
nm0027555,nm0027555,Tori Anderson,1988,\N,F,20.0,15.0,4.0,10.0,49.0,35.0
nm2584600,nm2584600,Julianne Hough,1988,\N,F,9.0,3.0,1.0,0.0,13.0,35.0
nm0891786,nm0891786,Alexa PenaVega,1988,\N,F,42.0,9.0,5.0,11.0,67.0,35.0
nm4129745,nm4129745,Allison Williams,1988,\N,F,5.0,59.0,2.0,5.0,71.0,35.0
nm0334441,nm0334441,Holliday Grainger,1988,\N,F,13.0,21.0,35.0,11.0,80.0,35.0
nm2623492,nm2623492,Hera Hilmar,1988,\N,F,3.0,7.0,23.0,0.0,33.0,35.0
nm1024107,nm1024107,Ambyr Childers,1988,\N,F,3.0,8.0,7.0,3.0,21.0,35.0
nm2368789,nm2368789,Zoë Kravitz,1988,\N,F,21.0,5.0,5.0,2.0,33.0,35.0
nm1869101,nm1869101,Ana de Armas,1988,\N,F,10.0,8.0,7.0,4.0,29.0,35.0
nm1227814,nm1227814,Vanessa Hudgens,1988,\N,F,33.0,17.0,2.0,5.0,57.0,35.0
nm2204429,nm2204429,Kim Matula,1988,\N,F,19.0,7.0,37.0,154.0,217.0,35.0
nm0342488,nm0342488,Rupert Grint,1988,\N,M,40.0,3.0,11.0,41.0,95.0,35.0
nm2247245,nm2247245,Haley Bennett,1988,\N,F,10.0,7.0,4.0,3.0,24.0,35.0
nm0513281,nm0513281,Alex D. Linz,1989,\N,M,6.0,0.0,1.0,1.0,8.0,34.0
nm4275908,nm4275908,Kelley Jakle,1989,\N,F,8.0,4.0,3.0,1.0,16.0,34.0
nm0743092,nm0743092,Mackenzie Rosman,1989,\N,F,3.0,0.0,1.0,33.0,37.0,34.0
nm2403277,nm2403277,Alden Ehrenreich,1989,\N,M,15.0,5.0,4.0,1.0,25.0,34.0
nm0396558,nm0396558,Nicholas Hoult,1989,\N,M,56.0,39.0,7.0,4.0,106.0,34.0
nm4789912,nm4789912,Hannah John-Kamen,1989,\N,F,54.0,2.0,2.0,5.0,63.0,34.0
nm2257207,nm2257207,Daniel Kaluuya,1989,\N,M,22.0,6.0,3.0,7.0,38.0,34.0
nm3726887,nm3726887,Jessica Brown Findlay,1989,\N,F,20.0,37.0,17.0,25.0,99.0,34.0
nm0020143,nm0020143,Landry Allbright,1989,\N,F,57.0,3.0,2.0,1.0,63.0,34.0
nm2655177,nm2655177,Caleb Landry Jones,1989,\N,M,6.0,6.0,2.0,5.0,19.0,34.0
nm0005157,nm0005157,Jake Lloyd,1989,\N,M,0.0,0.0,3.0,2.0,5.0,34.0
nm1782299,nm1782299,Imogen Poots,1989,\N,F,12.0,23.0,20.0,5.0,60.0,34.0
nm0659363,nm0659363,Hayden Panettiere,1989,\N,F,36.0,105.0,8.0,9.0,158.0,34.0
nm3625065,nm3625065,Alexis Knapp,1989,\N,F,6.0,1.0,0.0,4.0,11.0,34.0
nm1667364,nm1667364,Ashley Benson,1989,\N,F,25.0,166.0,13.0,1.0,205.0,34.0
nm0705356,nm0705356,Daniel Radcliffe,1989,\N,M,62.0,12.0,1.0,0.0,75.0,34.0
nm0647634,nm0647634,Elizabeth Olsen,1989,\N,F,40.0,8.0,2.0,2.0,52.0,34.0
nm4141252,nm4141252,Lily James,1989,\N,F,26.0,5.0,5.0,5.0,41.0,34.0
nm0790057,nm0790057,Alia Shawkat,1989,\N,F,61.0,12.0,26.0,8.0,107.0,34.0
nm4511652,nm4511652,Kelly Marie Tran,1989,\N,F,3.0,27.0,4.0,2.0,36.0,34.0
nm2400045,nm2400045,Nina Dobrev,1989,\N,F,158.0,7.0,3.0,6.0,174.0,34.0
nm0507535,nm0507535,Matthew Lewis,1989,\N,M,1.0,4.0,1.0,6.0,12.0,34.0
nm1017334,nm1017334,Juno Temple,1989,\N,F,17.0,12.0,15.0,4.0,48.0,34.0
nm2142336,nm2142336,Riley Keough,1989,\N,F,32.0,7.0,3.0,11.0,53.0,34.0
nm0488953,nm0488953,Brie Larson,1989,\N,F,26.0,7.0,22.0,7.0,62.0,34.0
nm2934314,nm2934314,Lily Collins,1989,\N,F,43.0,7.0,12.0,1.0,63.0,34.0
nm5473782,nm5473782,Taron Egerton,1989,\N,M,19.0,7.0,17.0,8.0,51.0,34.0
nm0424848,nm0424848,Dakota Johnson,1989,\N,F,29.0,4.0,6.0,2.0,41.0,34.0
nm1343638,nm1343638,Eliza Taylor,1989,\N,F,104.0,6.0,30.0,34.0,174.0,34.0
nm1925239,nm1925239,Jack O'Connell,1990,\N,M,26.0,13.0,9.0,5.0,53.0,33.0
nm0829576,nm0829576,Kristen Stewart,1990,\N,F,25.0,11.0,6.0,0.0,42.0,33.0
nm5824400,nm5824400,Sophie Cookson,1990,\N,F,10.0,2.0,11.0,2.0,25.0,33.0
nm2311411,nm2311411,MacKenzie Porter,1990,\N,F,4.0,37.0,4.0,2.0,47.0,33.0
nm2555462,nm2555462,Eiza González,1990,\N,F,154.0,5.0,435.0,8.0,602.0,33.0
nm1429380,nm1429380,Britt Robertson,1990,\N,F,67.0,6.0,6.0,32.0,111.0,33.0
nm3014031,nm3014031,Rachel Brosnahan,1990,\N,F,82.0,5.0,6.0,6.0,99.0,33.0
nm4859097,nm4859097,Kelly Rohrbach,1990,\N,F,1.0,2.0,12.0,0.0,15.0,33.0
nm3053338,nm3053338,Margot Robbie,1990,\N,F,11.0,21.0,7.0,3.0,42.0,33.0
nm2225369,nm2225369,Jennifer Lawrence,1990,\N,F,22.0,3.0,13.0,12.0,50.0,33.0
nm1093951,nm1093951,Aaron Taylor-Johnson,1990,\N,M,17.0,5.0,4.0,5.0,31.0,33.0
nm0405103,nm0405103,Sarah Hyland,1990,\N,F,9.0,10.0,4.0,4.0,27.0,33.0
nm4456120,nm4456120,Elizabeth Debicki,1990,\N,F,12.0,7.0,5.0,7.0,31.0,33.0
nm4110963,nm4110963,Jack Lowden,1990,\N,M,6.0,33.0,7.0,2.0,48.0,33.0
nm1095720,nm1095720,Keisha Castle-Hughes,1990,\N,F,17.0,3.0,10.0,73.0,103.0,33.0
nm1032473,nm1032473,Thomas Brodie-Sangster,1990,\N,M,28.0,49.0,135.0,27.0,239.0,33.0
nm0803889,nm0803889,Bill Skarsgård,1990,\N,M,20.0,41.0,14.0,0.0,75.0,33.0
nm0914612,nm0914612,Emma Watson,1990,\N,F,6.0,9.0,4.0,1.0,20.0,33.0
nm0940362,nm0940362,Shailene Woodley,1991,\N,F,139.0,3.0,14.0,1.0,157.0,32.0
nm3130060,nm3130060,Gaite Jansen,1991,\N,F,12.0,7.0,29.0,15.0,63.0,32.0
nm2080328,nm2080328,Kelsey Asbille,1991,\N,F,10.0,5.0,66.0,1.0,82.0,32.0
nm4739140,nm4739140,Josefin Asplund,1991,\N,F,28.0,0.0,1.0,13.0,42.0,32.0
nm2560618,nm2560618,Willa Fitzgerald,1991,\N,F,41.0,5.0,10.0,1.0,57.0,32.0
nm0731075,nm0731075,Emma Roberts,1991,\N,F,99.0,5.0,5.0,3.0,112.0,32.0
nm3591025,nm3591025,Adam Hagenbuch,1991,\N,M,6.0,3.0,3.0,0.0,12.0,32.0
nm1821410,nm1821410,Chloe Bridges,1991,\N,F,3.0,11.0,3.0,3.0,20.0,32.0
nm3733763,nm3733763,Sofia Black-D'Elia,1991,\N,F,38.0,48.0,4.0,4.0,94.0,32.0
nm1311329,nm1311329,Eden Sher,1991,\N,F,75.0,3.0,3.0,216.0,297.0,32.0
nm3729721,nm3729721,Dylan O'Brien,1991,\N,M,11.0,48.0,50.0,1.0,110.0,32.0
nm1589279,nm1589279,Emily Ratajkowski,1991,\N,F,4.0,3.0,4.0,0.0,11.0,32.0
nm0942247,nm0942247,Bonnie Wright,1991,\N,F,2.0,1.0,1.0,1.0,5.0,32.0
nm3009232,nm3009232,Ezra Miller,1992,\N,M,7.0,1.0,6.0,3.0,17.0,31.0
nm0383603,nm0383603,Freddie Highmore,1992,\N,M,124.0,58.0,5.0,2.0,189.0,31.0
nm1242688,nm1242688,Josh Hutcherson,1992,\N,M,55.0,11.0,3.0,2.0,71.0,31.0
nm0754512,nm0754512,Daryl Sabara,1992,\N,M,58.0,6.0,6.0,14.0,84.0,31.0
nm5397459,nm5397459,Daisy Ridley,1992,\N,F,24.0,9.0,7.0,0.0,40.0,31.0
nm3915784,nm3915784,John Boyega,1992,\N,M,19.0,11.0,13.0,2.0,45.0,31.0
nm1573253,nm1573253,Alexander Ludwig,1992,\N,M,6.0,37.0,18.0,10.0,71.0,31.0
nm6609666,nm6609666,Billie Lourd,1992,\N,F,3.0,9.0,10.0,21.0,43.0,31.0
nm0819850,nm0819850,Cole Sprouse,1992,\N,M,60.0,110.0,9.0,134.0,313.0,31.0
nm2679917,nm2679917,Nick Jonas,1992,\N,M,6.0,9.0,29.0,1.0,45.0,31.0
nm3725055,nm3725055,Jessica Henwick,1992,\N,F,27.0,33.0,9.0,3.0,72.0,31.0
nm4867258,nm4867258,Lucy Fry,1992,\N,F,27.0,29.0,8.0,38.0,102.0,31.0
nm1470322,nm1470322,Olivia Olson,1992,\N,F,4.0,4.0,19.0,14.0,41.0,31.0
nm3569284,nm3569284,Georgina Campbell,1992,\N,F,17.0,40.0,3.0,7.0,67.0,31.0
nm2716180,nm2716180,Kelli Goss,1992,\N,F,0.0,0.0,2.0,26.0,28.0,31.0
nm6564737,nm6564737,Joe Keery,1992,\N,M,2.0,3.0,2.0,4.0,11.0,31.0
nm1100839,nm1100839,Sofia Vassilieva,1992,\N,F,2.0,1.0,14.0,114.0,131.0,31.0
nm0819851,nm0819851,Dylan Sprouse,1992,\N,M,109.0,74.0,5.0,2.0,190.0,31.0
nm5353321,nm5353321,Cara Delevingne,1992,\N,F,12.0,25.0,0.0,10.0,47.0,31.0
nm3034977,nm3034977,Samara Weaving,1992,\N,F,8.0,9.0,19.0,5.0,41.0,31.0
nm2546012,nm2546012,Kaya Scodelario,1992,\N,F,24.0,6.0,5.0,5.0,40.0,31.0
nm4422686,nm4422686,Barry Keoghan,1992,\N,M,15.0,12.0,6.0,1.0,34.0,31.0
nm5043859,nm5043859,Rachel Keller,1992,\N,F,4.0,29.0,18.0,0.0,51.0,31.0
nm0107748,nm0107748,Spencer Breslin,1992,\N,M,40.0,12.0,12.0,3.0,67.0,31.0
nm4296013,nm4296013,Halston Sage,1993,\N,F,1.0,4.0,33.0,1.0,39.0,30.0
nm4972453,nm4972453,Olivia Cooke,1993,\N,F,11.0,16.0,8.0,50.0,85.0,30.0
nm5795508,nm5795508,Hermione Corfield,1993,\N,F,7.0,3.0,2.0,2.0,14.0,30.0
nm0597410,nm0597410,Taylor Momsen,1993,\N,F,0.0,1.0,2.0,0.0,3.0,30.0
nm4305463,nm4305463,Naomi Scott,1993,\N,F,4.0,6.0,3.0,4.0,17.0,30.0
nm0719371,nm0719371,Chelsea Rendon,1993,\N,F,1.0,3.0,5.0,18.0,27.0,30.0
nm2788156,nm2788156,Beanie Feldstein,1993,\N,F,11.0,12.0,2.0,2.0,27.0,30.0
nm1455681,nm1455681,AnnaSophia Robb,1993,\N,F,47.0,2.0,17.0,3.0,69.0,30.0
nm4169922,nm4169922,Kiersey Clemons,1993,\N,F,20.0,11.0,21.0,15.0,67.0,30.0
nm0962260,nm0962260,Brett Kelly,1993,\N,M,1.0,1.0,0.0,2.0,4.0,30.0
nm2140860,nm2140860,Maika Monroe,1993,\N,F,17.0,5.0,6.0,3.0,31.0,30.0
nm0247754,nm0247754,Francesca Eastwood,1993,\N,F,13.0,4.0,0.0,3.0,20.0,30.0
nm1185747,nm1185747,Cameron Monaghan,1993,\N,M,11.0,3.0,5.0,5.0,24.0,30.0
nm3614913,nm3614913,Zoey Deutch,1994,\N,F,12.0,12.0,6.0,8.0,38.0,29.0
nm6161516,nm6161516,Camila Mendes,1994,\N,F,5.0,5.0,134.0,2.0,146.0,29.0
nm1519680,nm1519680,Saoirse Ronan,1994,\N,F,14.0,3.0,2.0,3.0,22.0,29.0
nm4223882,nm4223882,Dacre Montgomery,1994,\N,M,4.0,3.0,2.0,1.0,10.0,29.0
nm2030779,nm2030779,Moises Arias,1994,\N,M,17.0,3.0,11.0,14.0,45.0,29.0
nm0266824,nm0266824,Dakota Fanning,1994,\N,F,27.0,32.0,13.0,4.0,76.0,29.0
nm1137414,nm1137414,Liliana Mumy,1994,\N,F,24.0,10.0,63.0,11.0,108.0,29.0
nm5052065,nm5052065,Ansel Elgort,1994,\N,M,15.0,5.0,1.0,0.0,21.0,29.0
nm4089170,nm4089170,Harry Styles,1994,\N,M,2.0,1.0,0.0,0.0,3.0,29.0
nm6390427,nm6390427,Charlie Heaton,1994,\N,M,2.0,6.0,2.0,1.0,11.0,29.0
nm3400186,nm3400186,Julia Garner,1994,\N,F,11.0,15.0,7.0,10.0,43.0,29.0
nm2301950,nm2301950,Dakota Blue Richards,1994,\N,F,6.0,5.0,5.0,3.0,19.0,29.0
nm1419440,nm1419440,Ivana Baquero,1994,\N,F,20.0,13.0,13.0,0.0,46.0,29.0
nm5405979,nm5405979,Alex Høgh Andersen,1994,\N,M,38.0,6.0,7.0,8.0,59.0,29.0
nm3034501,nm3034501,Natalia Dyer,1995,\N,F,7.0,3.0,4.0,0.0,14.0,28.0
nm4726634,nm4726634,Haley Lu Richardson,1995,\N,F,7.0,5.0,4.0,1.0,17.0,28.0
nm3154303,nm3154303,Timothée Chalamet,1995,\N,M,12.0,3.0,1.0,1.0,17.0,28.0
nm3538718,nm3538718,Nick Robinson,1995,\N,M,5.0,26.0,1.0,105.0,137.0,28.0
nm6806440,nm6806440,Finn Cole,1995,\N,M,2.0,3.0,1.0,30.0,36.0,28.0
nm4722966,nm4722966,Virginia Gardner,1995,\N,F,3.0,5.0,36.0,1.0,45.0,28.0
nm5999355,nm5999355,Jonah Hauer-King,1995,\N,M,12.0,8.0,2.0,6.0,28.0,28.0
nm3849842,nm3849842,Sophie Turner,1996,\N,F,14.0,4.0,0.0,1.0,19.0,27.0
nm3239803,nm3239803,Kaitlyn Dever,1996,\N,F,8.0,3.0,11.0,89.0,111.0,27.0
nm3929887,nm3929887,Lili Reinhart,1996,\N,F,7.0,138.0,1.0,0.0,146.0,27.0
nm3918035,nm3918035,Zendaya,1996,\N,F,103.0,81.0,4.0,4.0,192.0,27.0
nm4043618,nm4043618,Tom Holland,1996,\N,M,26.0,5.0,2.0,2.0,35.0,27.0
nm1910255,nm1910255,Dylan Minnette,1996,\N,M,52.0,2.0,4.0,17.0,75.0,27.0
nm3480246,nm3480246,Ella Purnell,1996,\N,F,18.0,4.0,13.0,3.0,38.0,27.0
nm5896355,nm5896355,Anya Taylor-Joy,1996,\N,F,18.0,10.0,3.0,4.0,35.0,27.0
nm2794962,nm2794962,Hailee Steinfeld,1996,\N,F,35.0,15.0,8.0,1.0,59.0,27.0
nm1113550,nm1113550,Abigail Breslin,1996,\N,F,14.0,6.0,8.0,6.0,34.0,27.0
nm7692698,nm7692698,Katherine Langford,1996,\N,F,18.0,27.0,1.0,1.0,47.0,27.0
nm4874651,nm4874651,Dove Cameron,1996,\N,F,96.0,15.0,3.0,17.0,131.0,27.0
nm5589690,nm5589690,Madison Iseman,1997,\N,F,19.0,4.0,4.0,29.0,56.0,26.0
nm7887725,nm7887725,Fionn Whitehead,1997,\N,M,11.0,1.0,2.0,2.0,16.0,26.0
nm6216001,nm6216001,K.J. Apa,1997,\N,M,139.0,6.0,1.0,1.0,147.0,26.0
nm2254074,nm2254074,Bella Thorne,1997,\N,F,134.0,11.0,3.0,7.0,155.0,26.0
nm1842974,nm1842974,Alex Wolff,1997,\N,M,7.0,45.0,10.0,6.0,68.0,26.0
nm3586035,nm3586035,Maisie Williams,1997,\N,F,13.0,7.0,13.0,9.0,42.0,26.0
nm1631269,nm1631269,Chloë Grace Moretz,1997,\N,F,23.0,11.0,8.0,6.0,48.0,26.0
nm3843467,nm3843467,Odeya Rush,1997,\N,F,7.0,9.0,4.0,5.0,25.0,26.0
nm1638321,nm1638321,Maya Hawke,1998,\N,F,5.0,6.0,0.0,2.0,13.0,25.0
nm4977122,nm4977122,Owen Teague,1998,\N,M,5.0,2.0,11.0,2.0,20.0,25.0
nm1736769,nm1736769,Ariel Winter,1998,\N,F,58.0,19.0,4.0,2.0,83.0,25.0
nm1102577,nm1102577,Elle Fanning,1998,\N,F,53.0,16.0,6.0,7.0,82.0,25.0
nm4120909,nm4120909,Tanner Buchanan,1998,\N,M,1.0,3.0,2.0,3.0,9.0,25.0
nm2202521,nm2202521,Madison Pettis,1998,\N,F,11.0,80.0,8.0,22.0,121.0,25.0
nm1428821,nm1428821,Joey King,1999,\N,F,20.0,24.0,5.0,21.0,70.0,24.0
nm1933128,nm1933128,Bailee Madison,1999,\N,F,26.0,57.0,5.0,3.0,91.0,24.0
nm3160752,nm3160752,Emma Kenney,1999,\N,F,5.0,1.0,0.0,1.0,7.0,24.0
nm4055138,nm4055138,Charlie Plummer,1999,\N,M,13.0,4.0,2.0,16.0,35.0,24.0
nm2367353,nm2367353,Morgan Turner,1999,\N,F,0.0,0.0,0.0,2.0,2.0,24.0
nm4085883,nm4085883,Landry Bender,2000,\N,F,41.0,9.0,20.0,1.0,71.0,23.0
nm7635388,nm7635388,Auli'i Cravalho,2000,\N,F,14.0,5.0,11.0,1.0,31.0,23.0
nm3237775,nm3237775,Mackenzie Foy,2000,\N,F,5.0,4.0,1.0,1.0,11.0,23.0
nm4207679,nm4207679,Izabela Vidovic,2001,\N,F,4.0,2.0,1.0,1.0,8.0,22.0
nm5097044,nm5097044,Isabela Merced,2001,\N,F,32.0,6.0,9.0,4.0,51.0,22.0
nm3864163,nm3864163,Raffey Cassidy,2001,\N,F,8.0,1.0,1.0,2.0,12.0,22.0
nm7140802,nm7140802,Gaten Matarazzo,2002,\N,M,1.0,1.0,0.0,0.0,2.0,21.0
nm6096118,nm6096118,Sophia Lillis,2002,\N,F,11.0,1.0,1.0,1.0,14.0,21.0
nm6016511,nm6016511,Finn Wolfhard,2002,\N,M,4.0,35.0,27.0,13.0,79.0,21.0
nm5897057,nm5897057,Jaeden Martell,2003,\N,M,3.0,8.0,10.0,3.0,24.0,20.0
nm5611121,nm5611121,Millie Bobby Brown,2004,\N,F,10.0,7.0,15.0,25.0,57.0,19.0
nm6748436,nm6748436,Dafne Keen,2005,\N,F,17.0,4.0,10.0,1.0,32.0,18.0
nm5085683,nm5085683,Mckenna Grace,2006,\N,F,32.0,6.0,6.0,6.0,50.0,17.0
nm5016878,nm5016878,Jacob Tremblay,2006,\N,M,25.0,6.0,11.0,3.0,45.0,17.0
